Wire,Label From,Wire From,Label To,Wire To,Zone,Location,Signal,From Device,From Mesa TB,From Terminal,From Type,To Device,"To
Mesa TB",To Terminal,To Type,AWG,Flex,Length,Colour,Notes
W-001,W-001 · AC_L1_IN ⇒TB1:5,⇒TB1:5,W-001 · AC_L1_IN P0:L1⇒,P0:L1⇒,240V Power,Main Cabinet,ac_l1_in,P0,,L1,Other,TB1,,5,Ferrule,10,FALSE,,🟥 Red,
W-002,W-002 · AC_L2_IN ⇒TB1:3,⇒TB1:3,W-002 · AC_L2_IN P0:L2⇒,P0:L2⇒,240V Power,Main Cabinet,AC_L2_IN,P0,,L2,Other,TB1,,3,Ferrule,10,FALSE,,⬛️ Black,
W-003,W-003 · AC_L1_IN ⇒Q1:1,⇒Q1:1,W-003 · AC_L1_IN TB1:6⇒,TB1:6⇒,240V Power,Main Cabinet,ac_l1_in,TB1,,6,Ferrule,Q1,,1,Ferrule,10,FALSE,,🟥 Red,
W-004,W-004 · AC_L2_IN ⇒Q1:3,⇒Q1:3,W-004 · AC_L2_IN TB1:4⇒,TB1:4⇒,240V Power,Main Cabinet,AC_L2_IN,TB1,,4,Ferrule,Q1,,3,Ferrule,10,FALSE,,⬛️ Black,
W-005,W-005 · AC_L1_FUSED ⇒F1:1,⇒F1:1,W-005 · AC_L1_FUSED Q1:2⇒,Q1:2⇒,240V Power,Main Cabinet,ac_l1_fused,Q1,,2,Ferrule,F1,,1,Ring,10,FALSE,,🟥 Red,
W-006,W-006 · AC_L2_FUSED ⇒F1:2,⇒F1:2,W-006 · AC_L2_FUSED Q1:4⇒,Q1:4⇒,240V Power,Main Cabinet,AC_l2_fused,Q1,,4,Ferrule,F1,,2,Ring,10,FALSE,,⬛️ Black,
W-007,W-007 · AC_L1_FILTERED ⇒TB2:1,⇒TB2:1,W-007 · AC_L1_FILTERED F1:3⇒,F1:3⇒,240V Power,Main Cabinet,AC_l1_filtered,F1,,3,Ring,TB2,,1,Ferrule,10,FALSE,,🟥 Red,
W-008,W-008 · AC_L2_FILTERED ⇒TB2:11,⇒TB2:11,W-008 · AC_L2_FILTERED F1:4⇒,F1:4⇒,240V Power,Main Cabinet,AC_l2_filtered,F1,,4,Ring,TB2,,11,Ferrule,10,FALSE,,⬛️ Black,
W-009,W-009 · AC_L1_FILTERED ⇒PS1:L,⇒PS1:L,W-009 · AC_L1_FILTERED TB2:10⇒,TB2:10⇒,240V Power,Main Cabinet,AC_l1_filtered,TB2,,10,Ferrule,PS1,,L,Ferrule,14,FALSE,,🟥 Red,
W-010,W-010 · AC_L2_FILTERED ⇒PS1:N,⇒PS1:N,W-010 · AC_L2_FILTERED TB2:20⇒,TB2:20⇒,240V Power,Main Cabinet,AC_l2_filtered,TB2,,20,Ferrule,PS1,,N,Ferrule,14,FALSE,,⬛️ Black,
W-011,W-011 · AC_L1_FILTERED ⇒K1:L1,⇒K1:L1,W-011 · AC_L1_FILTERED TB2:8⇒,TB2:8⇒,240V Power,Main Cabinet,AC_l1_filtered,TB2,,8,Ferrule,K1,,L1,Ring,10,FALSE,,🟥 Red,
W-012,W-012 · AC_L2_FILTERED ⇒K1:L2,⇒K1:L2,W-012 · AC_L2_FILTERED TB2:18⇒,TB2:18⇒,240V Power,Main Cabinet,AC_l2_filtered,TB2,,18,Ferrule,K1,,L2,Ring,10,FALSE,,⬛️ Black,
W-013,W-013 · AC_L1_FILTERED ⇒PS2:L,⇒PS2:L,W-013 · AC_L1_FILTERED TB2:6⇒,TB2:6⇒,240V Power,Main Cabinet,AC_l1_filtered,TB2,,6,Ferrule,PS2,,L,Other,10,FALSE,,🟥 Red,
W-014,W-014 · AC_L2_FILTERED ⇒PS2:N,⇒PS2:N,W-014 · AC_L2_FILTERED TB2:16⇒,TB2:16⇒,240V Power,Main Cabinet,AC_l2_filtered,TB2,,16,Ferrule,PS2,,N,Other,10,FALSE,,⬛️ Black,
W-015,W-015 · AC_L1_FILTERED ⇒J35:L,⇒J35:L,W-015 · AC_L1_FILTERED TB2:4⇒,TB2:4⇒,240V Power,Main Cabinet,AC_l1_filtered,TB2,,4,Ferrule,J35,,L,Solder,10,FALSE,,🟥 Red,
W-016,W-016 · AC_L2_FILTERED ⇒J35:N,⇒J35:N,W-016 · AC_L2_FILTERED TB2:14⇒,TB2:14⇒,240V Power,Main Cabinet,AC_l2_filtered,TB2,,14,Ferrule,J35,,N,Solder,10,FALSE,,⬛️ Black,
W-021,W-021 · AC_L1_FILTERED ⇒TB3:1,⇒TB3:1,W-021 · AC_L1_FILTERED K1:T1⇒,K1:T1⇒,240V Power,Main Cabinet,AC_l1_filtered,K1,,T1,Ring,TB3,,1,Ferrule,10,FALSE,,🟥 Red,
W-022,W-022 · AC_L2_FILTERED ⇒TB3:11,⇒TB3:11,W-022 · AC_L2_FILTERED K1:T2⇒,K1:T2⇒,240V Power,Main Cabinet,AC_l2_filtered,K1,,T2,Ring,TB3,,11,Ferrule,10,FALSE,,⬛️ Black,
W-023,W-023 · AC_L1_FILTERED ⇒PS5:L,⇒PS5:L,W-023 · AC_L1_FILTERED TB3:10⇒,TB3:10⇒,240V Power,Main Cabinet,AC_l1_filtered,TB3,,10,Ferrule,PS5,,L,Ring,10,FALSE,,🟥 Red,
W-024,W-024 · AC_L2_FILTERED ⇒PS5:N,⇒PS5:N,W-024 · AC_L2_FILTERED TB3:20⇒,TB3:20⇒,240V Power,Main Cabinet,AC_l2_filtered,TB3,,20,Ferrule,PS5,,N,Ring,10,FALSE,,⬛️ Black,
W-025,W-025 · AC_L1_FILTERED ⇒PS6:L,⇒PS6:L,W-025 · AC_L1_FILTERED TB3:8⇒,TB3:8⇒,240V Power,Main Cabinet,AC_l1_filtered,TB3,,8,Ferrule,PS6,,L,Ring,10,FALSE,,🟥 Red,
W-026,W-026 · AC_L2_FILTERED ⇒PS6:N,⇒PS6:N,W-026 · AC_L2_FILTERED TB3:18⇒,TB3:18⇒,240V Power,Main Cabinet,AC_l2_filtered,TB3,,18,Ferrule,PS6,,N,Ring,10,FALSE,,⬛️ Black,
W-027,W-027 · AC_L1_FILTERED ⇒PS4:L,⇒PS4:L,W-027 · AC_L1_FILTERED TB3:6⇒,TB3:6⇒,240V Power,Main Cabinet,AC_l1_filtered,TB3,,6,Ferrule,PS4,,L,Ferrule,10,FALSE,,🟥 Red,
W-028,W-028 · AC_L2_FILTERED ⇒PS4:N,⇒PS4:N,W-028 · AC_L2_FILTERED TB3:16⇒,TB3:16⇒,240V Power,Main Cabinet,AC_l2_filtered,TB3,,16,Ferrule,PS4,,N,Ferrule,10,FALSE,,⬛️ Black,
W-029,W-029 · AC_L1_FILTERED ⇒J6:4,⇒J6:4,W-029 · AC_L1_FILTERED TB3:4⇒,TB3:4⇒,240V Power,Main Cabinet,AC_l1_filtered,TB3,,4,Ferrule,J6,,4,Ferrule,10,FALSE,,🟥 Red,
W-030,W-030 · AC_L2_FILTERED ⇒J6:3,⇒J6:3,W-030 · AC_L2_FILTERED TB3:14⇒,TB3:14⇒,240V Power,Main Cabinet,AC_l2_filtered,TB3,,14,Ferrule,J6,,3,Ferrule,10,FALSE,,⬛️ Black,
W-051,W-051 · AC_L1_FILTERED ⇒VFD1:R,⇒VFD1:R,W-051 · AC_L1_FILTERED P6:4⇒,P6:4⇒,240V Power,Field,AC_l1_filtered,P6,,4,Ferrule,VFD1,,R,Ferrule,10,FALSE,,🟥 Red,Check GX Contact Numbering
W-052,W-052 · AC_L2_FILTERED ⇒VFD1:S,⇒VFD1:S,W-052 · AC_L2_FILTERED P6:3⇒,P6:3⇒,240V Power,Field,AC_l2_filtered,P6,,3,Ferrule,VFD1,,S,Ferrule,10,FALSE,,⬛️ Black,Check GX Contact Numbering
W-053,W-053 · AC_L1_FILTERED ⇒J36:L,⇒J36:L,W-053 · AC_L1_FILTERED P35:L⇒,P35:L⇒,240V Power,Field,AC_l1_filtered,P35,,L,Other,J36,,L,Other,14,FALSE,,🟥 Red,
W-054,W-054 · AC_L2_FILTERED ⇒J36:N,⇒J36:N,W-054 · AC_L2_FILTERED P35:N⇒,P35:N⇒,240V Power,Field,AC_l2_filtered,P35,,N,Other,J36,,N,Other,14,FALSE,,⬛️ Black,
W-101,W-101 · 24V_LOGIC ⇒TB5:1,⇒TB5:1,W-101 · 24V_LOGIC PS1:V＋⇒,PS1:V＋⇒,Estop/Power Mgmt,Main Cabinet,24V_LOGIC,PS1,,V＋,Ferrule,TB5,,1,Ferrule,14,FALSE,,🟦 Blue,
W-102,W-102 · 0V_LOGIC ⇒TB5:9,⇒TB5:9,W-102 · 0V_LOGIC PS1:V－⇒,PS1:V－⇒,Estop/Power Mgmt,Main Cabinet,0V_Logic,PS1,,V－,Ferrule,TB5,,9,Ferrule,14,FALSE,,🟦⬜️ Blue/White,
W-103,W-103 · 24V_LOGIC ⇒S1:21,⇒S1:21,W-103 · 24V_LOGIC TB5:8⇒,TB5:8⇒,Estop/Power Mgmt,Main Cabinet,24V_LOGIC,TB5,,8,Ferrule,S1,,21,Ferrule,14,FALSE,,🟦 Blue,
W-104,W-104 · 24V_LOGIC ⇒S1:13,⇒S1:13,W-104 · 24V_LOGIC TB5:6⇒,TB5:6⇒,Estop/Power Mgmt,Main Cabinet,24V_LOGIC,TB5,,6,Ferrule,S1,,13,Ferrule,14,FALSE,,🟦 Blue,
W-105,W-105 · 24V_LOGIC ⇒J7:7,⇒J7:7,W-105 · 24V_LOGIC TB5:4⇒,TB5:4⇒,Estop/Power Mgmt,Main Cabinet,24V_LOGIC,TB5,,4,Ferrule,J7,,7,Ferrule,14,FALSE,,🟦 Blue,
W-106,W-106 · 24V_LOGIC ⇒J7:3,⇒J7:3,W-106 · 24V_LOGIC TB5:2⇒,TB5:2⇒,Estop/Power Mgmt,Main Cabinet,24V_LOGIC,TB5,,2,Ferrule,J7,,3,Ferrule,14,FALSE,,🟦 Blue,
W-107,W-107 · ESTOP_INDICATOR ⇒PL1:X1,⇒PL1:X1,W-107 · ESTOP_INDICATOR TB5:18⇒,TB5:18⇒,Estop/Power Mgmt,Main Cabinet,Estop_indicator,TB5,,18,Ferrule,PL1,,X1,Ferrule,14,FALSE,,🟦⬜️ Blue/White,
W-108,W-108 · ESTOP_INDICATOR ⇒J7:6,⇒J7:6,W-108 · ESTOP_INDICATOR TB5:16⇒,TB5:16⇒,Estop/Power Mgmt,Main Cabinet,Estop_indicator,TB5,,16,Ferrule,J7,,6,Ferrule,14,FALSE,,🟦⬜️ Blue/White,
W-109,W-109 · ESTOP_INDICATOR ⇒J7:2,⇒J7:2,W-109 · ESTOP_INDICATOR TB5:14⇒,TB5:14⇒,Estop/Power Mgmt,Main Cabinet,Estop_indicator,TB5,,14,Ferrule,J7,,2,Ferrule,14,FALSE,,🟦⬜️ Blue/White,
W-110,W-110 · 0V_LOGIC ⇒PL4:X2,⇒PL4:X2,W-110 · 0V_LOGIC TB5:12⇒,TB5:12⇒,Estop/Power Mgmt,Main Cabinet,0V_Logic,TB5,,12,Ferrule,PL4,,X2,Ferrule,14,FALSE,,🟦⬜️ Blue/White,
W-111,W-111 · 0V_LOGIC ⇒A2,⇒A2,W-111 · 0V_LOGIC TB5:10⇒,TB5:10⇒,Estop/Power Mgmt,Main Cabinet,0V_Logic,TB5,,10,Ferrule,,,A2,Ferrule,14,FALSE,,🟦⬜️ Blue/White,
W-112,W-112 · ESTOP_LOOP ⇒TB8:1,⇒TB8:1,W-112 · ESTOP_LOOP S1:22⇒,S1:22⇒,Estop/Power Mgmt,Main Cabinet,Estop_loop,S1,,22,Ferrule,tb8,,1,Ferrule,14,FALSE,,🟦 Blue,
W-113,W-113 · ESTOP_LOOP ⇒J7:8,⇒J7:8,W-113 · ESTOP_LOOP TB8:2⇒,TB8:2⇒,Estop/Power Mgmt,Main Cabinet,Estop_loop,TB8,,2,Ferrule,J7,,8,Ferrule,14,FALSE,,🟦 Blue,
W-114,W-114 · 24V_LOGIC ⇒PL1:X2,⇒PL1:X2,W-114 · 24V_LOGIC S1:14⇒,S1:14⇒,Estop/Power Mgmt,Main Cabinet,24V_LOGIC,S1,,14,Ferrule,PL1,,X2,Ferrule,14,FALSE,,🟦 Blue,
W-115,W-115 · ESTOP_LOOP ⇒TB9:1,⇒TB9:1,W-115 · ESTOP_LOOP J7:5⇒,J7:5⇒,Estop/Power Mgmt,Main Cabinet,Estop_loop,J7,,5,Ferrule,TB9,,1,Ferrule,14,FALSE,,🟦 Blue,
W-116,W-116 · ESTOP_LOOP ⇒J7:4,⇒J7:4,W-116 · ESTOP_LOOP TB9:2⇒,TB9:2⇒,Estop/Power Mgmt,Main Cabinet,Estop_loop,TB9,,2,Ferrule,J7,,4,Ferrule,14,FALSE,,🟦 Blue,
W-117,W-117 · ESTOP_LOOP ⇒TB10:1,⇒TB10:1,W-117 · ESTOP_LOOP J7:1⇒,J7:1⇒,Estop/Power Mgmt,Main Cabinet,Estop_loop,J7,,1,Ferrule,TB10,,1,Ferrule,14,FALSE,,🟦 Blue,
W-118,W-118 · ESTOP_LOOP ⇒PB2:21,⇒PB2:21,W-118 · ESTOP_LOOP TB10:2⇒,TB10:2⇒,Estop/Power Mgmt,Main Cabinet,Estop_loop,TB10,,2,Ferrule,PB2,,21,Ferrule,14,FALSE,,🟦 Blue,
W-119,W-119 · ESTOP_LOOP ⇒TB6:1,⇒TB6:1,W-119 · ESTOP_LOOP PB2:22⇒,PB2:22⇒,Estop/Power Mgmt,Main Cabinet,Estop_loop,PB2,,22,Ferrule,TB6,,1,Ferrule,14,FALSE,,🟦 Blue,
W-120,W-120 · ESTOP_LOOP ⇒PB1:13,⇒PB1:13,W-120 · ESTOP_LOOP TB6:2⇒,TB6:2⇒,Estop/Power Mgmt,Main Cabinet,Estop_loop,TB6,,2,Ferrule,PB1,,13,Ferrule,14,FALSE,,🟦 Blue,
W-121,W-121 · ESTOP_LOOP ⇒K1:13,⇒K1:13,W-121 · ESTOP_LOOP TB6:4⇒,TB6:4⇒,Estop/Power Mgmt,Main Cabinet,Estop_loop,TB6,,4,Ferrule,K1,,13,Ferrule,14,FALSE,,🟦 Blue,
W-122,W-122 · MACHINE_ENABLE ⇒TB7:1,⇒TB7:1,W-122 · MACHINE_ENABLE PB1:14⇒,PB1:14⇒,Estop/Power Mgmt,Main Cabinet,Machine_enable,PB1,,14,Ferrule,TB7,,1,Ferrule,14,FALSE,,🟦 Blue,
W-123,W-123 · MACHINE_ENABLE ⇒K1:14,⇒K1:14,W-123 · MACHINE_ENABLE TB7:4⇒,TB7:4⇒,Estop/Power Mgmt,Main Cabinet,Machine_enable,TB7,,4,Ferrule,K1,,14,Ferrule,14,FALSE,,🟦 Blue,
W-124,W-124 · MACHINE_ENABLE ⇒K1:A1,⇒K1:A1,W-124 · MACHINE_ENABLE TB7:6⇒,TB7:6⇒,Estop/Power Mgmt,Main Cabinet,Machine_enable,TB7,,6,Ferrule,K1,,A1,Ferrule,14,FALSE,,🟦 Blue,
W-125,W-125 · MACHINE_ENABLE ⇒PL4:X1,⇒PL4:X1,W-125 · MACHINE_ENABLE TB7:2⇒,TB7:2⇒,Estop/Power Mgmt,Main Cabinet,Machine_enable,TB7,,2,Ferrule,PL4,,X1,Ferrule,14,FALSE,,🟦 Blue,
W-151,W-151 · ESTOP_LOOP ⇒P12:8,⇒P12:8,W-151 · ESTOP_LOOP P7:8⇒,P7:8⇒,Estop/Power Mgmt,Field,Estop_loop,P7,,8,Ferrule,P12,,8,Ferrule,14,FALSE,,🟦 Blue,
W-152,W-152 · 24V_LOGIC ⇒P12:7,⇒P12:7,W-152 · 24V_LOGIC P7:7⇒,P7:7⇒,Estop/Power Mgmt,Field,24V_LOGIC,P7,,7,Ferrule,P12,,7,Ferrule,14,FALSE,,🟦 Blue,
W-153,W-153 · ESTOP_INDICATOR ⇒P12:6,⇒P12:6,W-153 · ESTOP_INDICATOR P7:6⇒,P7:6⇒,Estop/Power Mgmt,Field,Estop_indicator,P7,,6,Ferrule,P12,,6,Ferrule,14,FALSE,,🟦⬜️ Blue/White,
W-154,W-154 · ESTOP_LOOP ⇒P12:5,⇒P12:5,W-154 · ESTOP_LOOP P7:5⇒,P7:5⇒,Estop/Power Mgmt,Field,Estop_loop,P7,,5,Ferrule,P12,,5,Ferrule,14,FALSE,,🟦 Blue,
W-155,W-155 · ESTOP_LOOP ⇒S2:21,⇒S2:21,W-155 · ESTOP_LOOP J12:8⇒,J12:8⇒,Estop/Power Mgmt,Field,Estop_loop,J12,,8,Ferrule,S2,,21,Ferrule,14,FALSE,,🟦 Blue,
W-156,W-156 · 24V_LOGIC ⇒S2:13,⇒S2:13,W-156 · 24V_LOGIC J12:7⇒,J12:7⇒,Estop/Power Mgmt,Field,24V_LOGIC,J12,,7,Ferrule,S2,,13,Ferrule,14,FALSE,,🟦 Blue,
W-157,W-157 · ESTOP_INDICATOR ⇒J12:6,⇒J12:6,W-157 · ESTOP_INDICATOR PL2:X2⇒,PL2:X2⇒,Estop/Power Mgmt,Field,Estop_indicator,PL2,,X2,Ferrule,J12,,6,Ferrule,14,FALSE,,🟦⬜️ Blue/White,
W-158,W-158 · ESTOP_LOOP ⇒J12:5,⇒J12:5,W-158 · ESTOP_LOOP S2:22⇒,S2:22⇒,Estop/Power Mgmt,Field,Estop_loop,S2,,22,Ferrule,J12,,5,Ferrule,14,FALSE,,🟦 Blue,
W-159,W-159 · 24V_LOGIC ⇒PL2:X1,⇒PL2:X1,W-159 · 24V_LOGIC S2:14⇒,S2:14⇒,Estop/Power Mgmt,Field,24V_LOGIC,S2,,14,Ferrule,PL2,,X1,Ferrule,14,FALSE,,🟦 Blue,
W-161,W-161 · ESTOP_LOOP ⇒P12:4,⇒P12:4,W-161 · ESTOP_LOOP P7:4⇒,P7:4⇒,Estop/Power Mgmt,Field,Estop_loop,P7,,4,Ferrule,P12,,4,Ferrule,14,FALSE,,🟦 Blue,
W-162,W-162 · 24V_LOGIC ⇒P12:3,⇒P12:3,W-162 · 24V_LOGIC P7:3⇒,P7:3⇒,Estop/Power Mgmt,Field,24V_LOGIC,P7,,3,Ferrule,P12,,3,Ferrule,14,FALSE,,🟦 Blue,
W-163,W-163 · ESTOP_INDICATOR ⇒P12:2,⇒P12:2,W-163 · ESTOP_INDICATOR P7:2⇒,P7:2⇒,Estop/Power Mgmt,Field,Estop_indicator,P7,,2,Ferrule,P12,,2,Ferrule,14,FALSE,,🟦⬜️ Blue/White,
W-164,W-164 · ESTOP_LOOP ⇒P12:1,⇒P12:1,W-164 · ESTOP_LOOP P7:1⇒,P7:1⇒,Estop/Power Mgmt,Field,Estop_loop,P7,,1,Ferrule,P12,,1,Ferrule,14,FALSE,,🟦 Blue,
W-165,W-165 · ESTOP_LOOP ⇒J13:4,⇒J13:4,W-165 · ESTOP_LOOP P12:4⇒,P12:4⇒,Estop/Power Mgmt,Field,Estop_loop,P12,,4,Ferrule,J13,,4,Ferrule,14,FALSE,,🟦 Blue,
W-166,W-166 · 24V_LOGIC ⇒J13:3,⇒J13:3,W-166 · 24V_LOGIC P12:3⇒,P12:3⇒,Estop/Power Mgmt,Field,24V_LOGIC,P12,,3,Ferrule,J13,,3,Ferrule,14,FALSE,,🟦 Blue,
W-167,W-167 · ESTOP_INDICATOR ⇒J13:2,⇒J13:2,W-167 · ESTOP_INDICATOR P12:2⇒,P12:2⇒,Estop/Power Mgmt,Field,Estop_indicator,P12,,2,Ferrule,J13,,2,Ferrule,14,FALSE,,🟦⬜️ Blue/White,
W-168,W-168 · ESTOP_LOOP ⇒J13:1,⇒J13:1,W-168 · ESTOP_LOOP P12:1⇒,P12:1⇒,Estop/Power Mgmt,Field,Estop_loop,P12,,1,Ferrule,J13,,1,Ferrule,14,FALSE,,🟦 Blue,
W-169,W-169 · ESTOP_LOOP ⇒P17:4,⇒P17:4,W-169 · ESTOP_LOOP P13:4⇒,P13:4⇒,Estop/Power Mgmt,Field,Estop_loop,P13,,4,Ferrule,P17,,4,Ferrule,14,TRUE,,🟦 Blue,Flex optional
W-170,W-170 · 24V_LOGIC ⇒P17:3,⇒P17:3,W-170 · 24V_LOGIC P13:3⇒,P13:3⇒,Estop/Power Mgmt,Field,24V_LOGIC,P13,,3,Ferrule,P17,,3,Ferrule,14,TRUE,,🟦 Blue,Flex optional
W-171,W-171 · ESTOP_INDICATOR ⇒P17:2,⇒P17:2,W-171 · ESTOP_INDICATOR P13:2⇒,P13:2⇒,Estop/Power Mgmt,Field,Estop_indicator,P13,,2,Ferrule,P17,,2,Ferrule,14,TRUE,,🟦⬜️ Blue/White,Flex optional
W-172,W-172 · ESTOP_LOOP ⇒P17:1,⇒P17:1,W-172 · ESTOP_LOOP P13:1⇒,P13:1⇒,Estop/Power Mgmt,Field,Estop_loop,P13,,1,Ferrule,P17,,1,Ferrule,14,TRUE,,🟦 Blue,Flex optional
W-173,W-173 · ESTOP_LOOP ⇒S3:21,⇒S3:21,W-173 · ESTOP_LOOP J17:4⇒,J17:4⇒,Estop/Power Mgmt,Field,Estop_loop,J17,,4,Ferrule,S3,,21,Ferrule,14,FALSE,,🟦 Blue,
W-174,W-174 · 24V_LOGIC ⇒S3:13,⇒S3:13,W-174 · 24V_LOGIC J17:3⇒,J17:3⇒,Estop/Power Mgmt,Field,24V_LOGIC,J17,,3,Ferrule,S3,,13,Ferrule,14,FALSE,,🟦 Blue,
W-175,W-175 · ESTOP_INDICATOR ⇒J17:2,⇒J17:2,W-175 · ESTOP_INDICATOR PL3:X2⇒,PL3:X2⇒,Estop/Power Mgmt,Field,Estop_indicator,PL3,,X2,Ferrule,J17,,2,Ferrule,14,FALSE,,🟦⬜️ Blue/White,
W-176,W-176 · ESTOP_LOOP ⇒J17:1,⇒J17:1,W-176 · ESTOP_LOOP S3:22⇒,S3:22⇒,Estop/Power Mgmt,Field,Estop_loop,S3,,22,Ferrule,J17,,1,Ferrule,14,FALSE,,🟦 Blue,
W-177,W-177 · 24V_LOGIC ⇒PL3:X1,⇒PL3:X1,W-177 · 24V_LOGIC S3:14⇒,S3:14⇒,Estop/Power Mgmt,Field,24V_LOGIC,S3,,14,Ferrule,PL3,,X1,Ferrule,14,FALSE,,🟦 Blue,
W-201,W-201 · 24V_LOGIC ⇒TB11:1,⇒TB11:1,W-201 · 24V_LOGIC PS4:V＋1⇒,PS4:V＋1⇒,24V Power,Main Cabinet,24V_LOGIC,PS4,,V＋1,Ferrule,TB11,,1,Ferrule,14,FALSE,,🟦 Blue,
W-202,W-202 · 0V_LOGIC ⇒TB11:13,⇒TB11:13,W-202 · 0V_LOGIC PS4:V－1⇒,PS4:V－1⇒,24V Power,Main Cabinet,0V_Logic,PS4,,V－1,Ferrule,TB11,,13,Ferrule,14,FALSE,,🟦⬜️ Blue/White,
W-203,W-203 · 24V_LOGIC ⇒MESA:TB3:22,⇒MESA:TB3:22,W-203 · 24V_LOGIC TB11:2⇒,TB11:2⇒,24V Power,Main Cabinet,24V_LOGIC,TB11,,2,Ferrule,MESA,TB3,22,Ferrule,14,FALSE,,🟦 Blue,
W-204,W-204 · 0V_LOGIC ⇒MESA:TB3:24,⇒MESA:TB3:24,W-204 · 0V_LOGIC TB11:14⇒,TB11:14⇒,24V Power,Main Cabinet,0V_Logic,TB11,,14,Ferrule,MESA,TB3,24,Ferrule,14,FALSE,,🟦⬜️ Blue/White,
W-205,W-205 · 24V_LOGIC ⇒MESA:TB1:5,⇒MESA:TB1:5,W-205 · 24V_LOGIC TB11:4⇒,TB11:4⇒,24V Power,Main Cabinet,24V_LOGIC,TB11,,4,Ferrule,MESA,TB1,5,Ferrule,14,FALSE,,🟦 Blue,
W-206,W-206 · 0V_LOGIC ⇒MESA:TB1:8,⇒MESA:TB1:8,W-206 · 0V_LOGIC TB11:16⇒,TB11:16⇒,24V Power,Main Cabinet,0V_Logic,TB11,,16,Ferrule,MESA,TB1,8,Ferrule,14,FALSE,,🟦⬜️ Blue/White,
W-207,W-207 · FAN_PWR ⇒FANS1:1,⇒FANS1:1,W-207 · FAN_PWR TB11:6⇒,TB11:6⇒,24V Power,Main Cabinet,FAN_PWR,TB11,,6,Ferrule,FANS1,,1,Ferrule,14,FALSE,,🟦 Blue,
W-208,W-208 · 0V_LOGIC ⇒FANS1:2,⇒FANS1:2,W-208 · 0V_LOGIC TB11:18⇒,TB11:18⇒,24V Power,Main Cabinet,0V_Logic,TB11,,18,Ferrule,FANS1,,2,Ferrule,14,FALSE,,🟦⬜️ Blue/White,
W-209,W-209 · 24V_LOGIC ⇒J2:1,⇒J2:1,W-209 · 24V_LOGIC TB11:8⇒,TB11:8⇒,24V Power,Main Cabinet,24V_LOGIC,TB11,,8,Ferrule,J2,,1,Ferrule,14,FALSE,,🟦 Blue,
W-210,W-210 · 0V_LOGIC ⇒J2:2,⇒J2:2,W-210 · 0V_LOGIC TB11:20⇒,TB11:20⇒,24V Power,Main Cabinet,0V_Logic,TB11,,20,Ferrule,J2,,2,Ferrule,14,FALSE,,🟦⬜️ Blue/White,
W-211,W-211 · 24V_LOGIC ⇒TI1:V+,⇒TI1:V+,W-211 · 24V_LOGIC TB11:10⇒,TB11:10⇒,24V Power,Main Cabinet,24V_LOGIC,TB11,,10,Ferrule,TI1,,V+,Ferrule,14,FALSE,,🟦 Blue,
W-212,W-212 · 0V_LOGIC ⇒TI1:V-,⇒TI1:V-,W-212 · 0V_LOGIC TB11:22⇒,TB11:22⇒,24V Power,Main Cabinet,0V_Logic,TB11,,22,Ferrule,TI1,,V-,Ferrule,14,FALSE,,🟦⬜️ Blue/White,
W-213,W-213 · 24V_LOGIC ⇒J4:2,⇒J4:2,W-213 · 24V_LOGIC MESA:TB6:17⇒,MESA:TB6:17⇒,24V Power,Main Cabinet,24V_LOGIC,Mesa,TB6,17,Ferrule,J4,,2,Ferrule,14,FALSE,,🟦 Blue,
W-214,W-214 · 0V_LOGIC ⇒J4:1,⇒J4:1,W-214 · 0V_LOGIC TB11:24⇒,TB11:24⇒,24V Power,Main Cabinet,0V_Logic,TB11,,24,Ferrule,J4,,1,Ferrule,14,FALSE,,🟦⬜️ Blue/White,
W-215,W-215 · TI1_VSENSE ⇒TI1:SIG,⇒TI1:SIG,W-215 · TI1_VSENSE MESA:TB6:1⇒,MESA:TB6:1⇒,24V Power,Main Cabinet,TI1_VSense,Mesa,TB6,1,Ferrule,TI1,,Sig,Ferrule,14,FALSE,,🟦 Blue,
W-301,W-301 · 24V_LOGIC ⇒P10:2,⇒P10:2,W-301 · 24V_LOGIC P2:2⇒,P2:2⇒,24V Power,Field,24V_LOGIC,P2,,2,Ferrule,P10,,2,Ferrule,14,FALSE,,🟦 Blue,
W-302,W-302 · 0V_LOGIC ⇒P10:1,⇒P10:1,W-302 · 0V_LOGIC P2:1⇒,P2:1⇒,24V Power,Field,0V_Logic,P2,,1,Ferrule,P10,,1,Ferrule,14,FALSE,,🟦⬜️ Blue/White,
W-303,W-303 · 24V_LOGIC ⇒TB51:1,⇒TB51:1,W-303 · 24V_LOGIC J10:2⇒,J10:2⇒,24V Power,Field,24V_LOGIC,J10,,2,Ferrule,TB51,,1,Ferrule,14,FALSE,,🟦 Blue,
W-304,W-304 · 0V_LOGIC ⇒TB52:1,⇒TB52:1,W-304 · 0V_LOGIC J10:1⇒,J10:1⇒,24V Power,Field,0V_Logic,J10,,1,Ferrule,TB52,,1,Ferrule,14,FALSE,,🟦⬜️ Blue/White,
W-305,W-305 · 24V_LOGIC ⇒J15:1,⇒J15:1,W-305 · 24V_LOGIC TB51:2⇒,TB51:2⇒,24V Power,Field,24V_LOGIC,TB51,,2,Ferrule,J15,,1,Ferrule,14,FALSE,,🟦 Blue,
W-306,W-306 · 0V_LOGIC ⇒J15:2,⇒J15:2,W-306 · 0V_LOGIC TB52:2⇒,TB52:2⇒,24V Power,Field,0V_Logic,TB52,,2,Ferrule,J15,,2,Ferrule,14,FALSE,,🟦⬜️ Blue/White,
W-307,W-307 · LIMIT_PWR ⇒LS1,⇒LS1,W-307 · LIMIT_PWR TB51:3⇒,TB51:3⇒,24V Power,Field,LIMIT_PWR,TB51,,3,Ferrule,LS1,,,,,FALSE,,🟦 Blue,
W-308,W-308 · LIMIT_GND ⇒LS1,⇒LS1,W-308 · LIMIT_GND TB52:3⇒,TB52:3⇒,24V Power,Field,LIMIT_GND,TB52,,3,Ferrule,LS1,,,,,FALSE,,🟦⬜️ Blue/White,
W-309,W-309 · LIMIT_PWR ⇒LS2,⇒LS2,W-309 · LIMIT_PWR TB51:4⇒,TB51:4⇒,24V Power,Field,LIMIT_PWR,TB51,,4,Ferrule,LS2,,,,,FALSE,,🟦 Blue,
W-310,W-310 · LIMIT_GND ⇒LS2,⇒LS2,W-310 · LIMIT_GND TB52:4⇒,TB52:4⇒,24V Power,Field,LIMIT_GND,TB52,,4,Ferrule,LS2,,,,,FALSE,,🟦⬜️ Blue/White,
W-311,W-311 · LIMIT_PWR ⇒HS1,⇒HS1,W-311 · LIMIT_PWR TB51:5⇒,TB51:5⇒,24V Power,Field,LIMIT_PWR,TB51,,5,Ferrule,HS1,,,,,FALSE,,🟦 Blue,
W-312,W-312 · LIMIT_GND ⇒HS1,⇒HS1,W-312 · LIMIT_GND TB52:5⇒,TB52:5⇒,24V Power,Field,LIMIT_GND,TB52,,5,Ferrule,HS1,,,,,FALSE,,🟦⬜️ Blue/White,
W-313,W-313 · LIMIT_PWR ⇒HS2,⇒HS2,W-313 · LIMIT_PWR TB51:6⇒,TB51:6⇒,24V Power,Field,LIMIT_PWR,TB51,,6,Ferrule,HS2,,,,,FALSE,,🟦 Blue,
W-314,W-314 · LIMIT_GND ⇒HS2,⇒HS2,W-314 · LIMIT_GND TB52:6⇒,TB52:6⇒,24V Power,Field,LIMIT_GND,TB52,,6,Ferrule,HS2,,,,,FALSE,,🟦⬜️ Blue/White,
W-315,W-315 · PROBE_PWR ⇒TP1,⇒TP1,W-315 · PROBE_PWR TB51:7⇒,TB51:7⇒,24V Power,Field,PROBE_PWR,TB51,,7,Ferrule,TP1,,,,,FALSE,,🟦 Blue,
W-317,W-317 · 24V_LOGIC ⇒P20:2,⇒P20:2,W-317 · 24V_LOGIC P15:2⇒,P15:2⇒,24V Power,Field,24V_LOGIC,P15,,2,Ferrule,P20,,2,Ferrule,14,TRUE,,🟦 Blue,
W-318,W-318 · 0V_LOGIC ⇒P20:1,⇒P20:1,W-318 · 0V_LOGIC P15:1⇒,P15:1⇒,24V Power,Field,0V_Logic,P15,,1,Ferrule,P20,,1,Ferrule,14,TRUE,,🟦⬜️ Blue/White,
W-319,W-319 · 24V_LOGIC ⇒TB53:1,⇒TB53:1,W-319 · 24V_LOGIC J20:2⇒,J20:2⇒,24V Power,Field,24V_LOGIC,J20,,2,Ferrule,TB53,,1,Ferrule,14,FALSE,,🟦 Blue,
W-320,W-320 · 0V_LOGIC ⇒TB54:1,⇒TB54:1,W-320 · 0V_LOGIC J20:1⇒,J20:1⇒,24V Power,Field,0V_Logic,J20,,1,Ferrule,TB54,,1,Ferrule,14,FALSE,,🟦⬜️ Blue/White,
W-321,W-321 · 24V_LOGIC ⇒J25:1,⇒J25:1,W-321 · 24V_LOGIC TB53:2⇒,TB53:2⇒,24V Power,Field,24V_LOGIC,TB53,,2,Ferrule,J25,,1,Ferrule,14,FALSE,,🟦 Blue,
W-322,W-322 · 0V_LOGIC ⇒J25:2,⇒J25:2,W-322 · 0V_LOGIC TB54:2⇒,TB54:2⇒,24V Power,Field,0V_Logic,TB54,,2,Ferrule,J25,,2,Ferrule,14,FALSE,,🟦⬜️ Blue/White,
W-323,W-323 · LIMIT_PWR ⇒LS3,⇒LS3,W-323 · LIMIT_PWR TB53:3⇒,TB53:3⇒,24V Power,Field,LIMIT_PWR,TB53,,3,Ferrule,LS3,,,,,FALSE,,🟦 Blue,
W-324,W-324 · LIMIT_GND ⇒LS3,⇒LS3,W-324 · LIMIT_GND TB54:3⇒,TB54:3⇒,24V Power,Field,LIMIT_GND,TB54,,3,Ferrule,LS3,,,,,FALSE,,🟦⬜️ Blue/White,
W-325,W-325 · LIMIT_PWR ⇒LS4,⇒LS4,W-325 · LIMIT_PWR TB53:4⇒,TB53:4⇒,24V Power,Field,LIMIT_PWR,TB53,,4,Ferrule,LS4,,,,,FALSE,,🟦 Blue,
W-326,W-326 · LIMIT_GND ⇒LS4,⇒LS4,W-326 · LIMIT_GND TB54:4⇒,TB54:4⇒,24V Power,Field,LIMIT_GND,TB54,,4,Ferrule,LS4,,,,,FALSE,,🟦⬜️ Blue/White,
W-327,W-327 · LIMIT_PWR ⇒HS3,⇒HS3,W-327 · LIMIT_PWR TB53:5⇒,TB53:5⇒,24V Power,Field,LIMIT_PWR,TB53,,5,Ferrule,HS3,,,,,FALSE,,🟦 Blue,
W-328,W-328 · LIMIT_GND ⇒HS3,⇒HS3,W-328 · LIMIT_GND TB54:5⇒,TB54:5⇒,24V Power,Field,LIMIT_GND,TB54,,5,Ferrule,HS3,,,,,FALSE,,🟦⬜️ Blue/White,
W-329,W-329 · 24V_LOGIC ⇒P29:2,⇒P29:2,W-329 · 24V_LOGIC P25:2⇒,P25:2⇒,24V Power,Field,24V_LOGIC,P25,,2,Ferrule,P29,,2,Ferrule,14,TRUE,,🟦 Blue,
W-330,W-330 · 0V_LOGIC ⇒P29:1,⇒P29:1,W-330 · 0V_LOGIC P25:1⇒,P25:1⇒,24V Power,Field,0V_Logic,P25,,1,Ferrule,P29,,1,Ferrule,14,TRUE,,🟦⬜️ Blue/White,
W-331,W-331 · 24V_LOGIC ⇒TB57:1,⇒TB57:1,W-331 · 24V_LOGIC J29:2⇒,J29:2⇒,24V Power,Field,24V_LOGIC,J29,,2,Ferrule,TB57,,1,Ferrule,14,FALSE,,🟦 Blue,
W-332,W-332 · 0V_LOGIC ⇒TB58:1,⇒TB58:1,W-332 · 0V_LOGIC J29:1⇒,J29:1⇒,24V Power,Field,0V_Logic,J29,,1,Ferrule,TB58,,1,Ferrule,14,FALSE,,🟦⬜️ Blue/White,
W-333,W-333 · LIMIT_PWR ⇒LS5,⇒LS5,W-333 · LIMIT_PWR TB57:2⇒,TB57:2⇒,24V Power,Field,LIMIT_PWR,TB57,,2,Ferrule,LS5,,,,,FALSE,,🟦 Blue,
W-334,W-334 · LIMIT_GND ⇒LS5,⇒LS5,W-334 · LIMIT_GND TB58:2⇒,TB58:2⇒,24V Power,Field,LIMIT_GND,TB58,,2,Ferrule,LS5,,,,,FALSE,,🟦⬜️ Blue/White,
W-335,W-335 · LIMIT_PWR ⇒LS6,⇒LS6,W-335 · LIMIT_PWR TB57:3⇒,TB57:3⇒,24V Power,Field,LIMIT_PWR,TB57,,3,Ferrule,LS6,,,,,FALSE,,🟦 Blue,
W-336,W-336 · LIMIT_GND ⇒LS6,⇒LS6,W-336 · LIMIT_GND TB58:3⇒,TB58:3⇒,24V Power,Field,LIMIT_GND,TB58,,3,Ferrule,LS6,,,,,FALSE,,🟦⬜️ Blue/White,
W-337,W-337 · LIMIT_PWR ⇒HS4,⇒HS4,W-337 · LIMIT_PWR TB57:4⇒,TB57:4⇒,24V Power,Field,LIMIT_PWR,TB57,,4,Ferrule,HS4,,,,,FALSE,,🟦 Blue,
W-338,W-338 · LIMIT_GND ⇒HS4,⇒HS4,W-338 · LIMIT_GND TB58:4⇒,TB58:4⇒,24V Power,Field,LIMIT_GND,TB58,,4,Ferrule,HS4,,,,,FALSE,,🟦⬜️ Blue/White,
W-391,W-391 · 24V_LOGIC ⇒K2,⇒K2,W-391 · 24V_LOGIC P4:1⇒,P4:1⇒,24V Power,Field,24V_LOGIC,P4,,1,Ferrule,K2,,,,14,FALSE,,🟦 Blue,Need suitable relay
W-392,W-392 · 0V_LOGIC ⇒K2,⇒K2,W-392 · 0V_LOGIC P4:2⇒,P4:2⇒,24V Power,Field,0V_Logic,P4,,2,Ferrule,K2,,,,14,FALSE,,🟦⬜️ Blue/White,Need suitable relay
W-401,W-401 · 48V_LOGIC ⇒J3:2,⇒J3:2,W-401 · 48V_LOGIC PS5:V＋1⇒,PS5:V＋1⇒,48V Power,Main Cabinet,48V_LOGIC,PS5,,V＋1,Ring,J3,,2,Ferrule,14,FALSE,,🟧 Orange,
W-402,W-402 · 0V_LOGIC ⇒J3:1,⇒J3:1,W-402 · 0V_LOGIC PS5:V－1⇒,PS5:V－1⇒,48V Power,Main Cabinet,0V_Logic,PS5,,V－1,Ring,J3,,1,Ferrule,14,FALSE,,🟫 Brown,
W-403,W-403 · 48V_LOGIC ⇒J3:4,⇒J3:4,W-403 · 48V_LOGIC PS6:V＋1⇒,PS6:V＋1⇒,48V Power,Main Cabinet,48V_LOGIC,PS6,,V＋1,Ring,J3,,4,Ferrule,14,FALSE,,🟧 Orange,
W-404,W-404 · 0V_LOGIC ⇒J3:3,⇒J3:3,W-404 · 0V_LOGIC PS6:V－1⇒,PS6:V－1⇒,48V Power,Main Cabinet,0V_Logic,PS6,,V－1,Ring,J3,,3,Ferrule,14,FALSE,,🟫 Brown,
W-405,W-405 · 48V_LOGIC ⇒SD1:DC＋,⇒SD1:DC＋,W-405 · 48V_LOGIC PS6:V＋2⇒,PS6:V＋2⇒,48V Power,Main Cabinet,48V_LOGIC,PS6,,V＋2,Ring,SD1,,DC＋,Ferrule,14,FALSE,,🟧 Orange,
W-406,W-406 · 0V_LOGIC ⇒SD1:DC－,⇒SD1:DC－,W-406 · 0V_LOGIC PS6:V－2⇒,PS6:V－2⇒,48V Power,Main Cabinet,0V_Logic,PS6,,V－2,Ring,SD1,,DC－,Ferrule,14,FALSE,,🟫 Brown,
W-451,W-451 · 48V_LOGIC ⇒P11:2,⇒P11:2,W-451 · 48V_LOGIC P3:2⇒,P3:2⇒,48V Power,Field,48V_LOGIC,P3,,2,Ferrule,P11,,2,Ferrule,14,FALSE,,🟧 Orange,
W-452,W-452 · 0V_LOGIC ⇒P11:1,⇒P11:1,W-452 · 0V_LOGIC P3:1⇒,P3:1⇒,48V Power,Field,0V_Logic,P3,,1,Ferrule,P11,,1,Ferrule,14,FALSE,,🟫 Brown,
W-453,W-453 · 48V_LOGIC ⇒P11:4,⇒P11:4,W-453 · 48V_LOGIC P3:4⇒,P3:4⇒,48V Power,Field,48V_LOGIC,P3,,4,Ferrule,P11,,4,Ferrule,14,FALSE,,🟧 Orange,
W-454,W-454 · 0V_LOGIC ⇒P11:3,⇒P11:3,W-454 · 0V_LOGIC P3:3⇒,P3:3⇒,48V Power,Field,0V_Logic,P3,,3,Ferrule,P11,,3,Ferrule,14,FALSE,,🟫 Brown,
W-455,W-455 · 48V_LOGIC ⇒J16:1,⇒J16:1,W-455 · 48V_LOGIC J11:2⇒,J11:2⇒,48V Power,Field,48V_LOGIC,J11,,2,Ferrule,J16,,1,Ferrule,14,FALSE,,🟧 Orange,
W-456,W-456 · 0V_LOGIC ⇒J16:2,⇒J16:2,W-456 · 0V_LOGIC J11:1⇒,J11:1⇒,48V Power,Field,0V_Logic,J11,,1,Ferrule,J16,,2,Ferrule,14,FALSE,,🟫 Brown,
W-457,W-457 · 48V_LOGIC ⇒J17:1,⇒J17:1,W-457 · 48V_LOGIC J11:4⇒,J11:4⇒,48V Power,Field,48V_LOGIC,J11,,4,Ferrule,J17,,1,Ferrule,14,FALSE,,🟧 Orange,
W-458,W-458 · 0V_LOGIC ⇒J17:2,⇒J17:2,W-458 · 0V_LOGIC J11:3⇒,J11:3⇒,48V Power,Field,0V_Logic,J11,,3,Ferrule,J17,,2,Ferrule,14,FALSE,,🟫 Brown,
W-459,W-459 · 48V_LOGIC ⇒P20:4,⇒P20:4,W-459 · 48V_LOGIC J15:4⇒,J15:4⇒,48V Power,Field,48V_LOGIC,J15,,4,Ferrule,P20,,4,Ferrule,14,TRUE,,🟧 Orange,
W-460,W-460 · 0V_LOGIC ⇒P20:3,⇒P20:3,W-460 · 0V_LOGIC J15:3⇒,J15:3⇒,48V Power,Field,0V_Logic,J15,,3,Ferrule,P20,,3,Ferrule,14,TRUE,,🟫 Brown,
W-461,W-461 · 48V_LOGIC ⇒P30:4,⇒P30:4,W-461 · 48V_LOGIC J16:4⇒,J16:4⇒,48V Power,Field,48V_LOGIC,J16,,4,Ferrule,P30,,4,Ferrule,14,TRUE,,🟧 Orange,
W-462,W-462 · 0V_LOGIC ⇒P30:3,⇒P30:3,W-462 · 0V_LOGIC J16:3⇒,J16:3⇒,48V Power,Field,0V_Logic,J16,,3,Ferrule,P30,,3,Ferrule,14,TRUE,,🟫 Brown,
W-463,W-463 · 48V_LOGIC ⇒TB55:1,⇒TB55:1,W-463 · 48V_LOGIC J20:4⇒,J20:4⇒,48V Power,Field,48V_LOGIC,J20,,4,Ferrule,TB55,,1,Ferrule,14,FALSE,,🟧 Orange,
W-464,W-464 · 0V_LOGIC ⇒TB56:1,⇒TB56:1,W-464 · 0V_LOGIC J20:3⇒,J20:3⇒,48V Power,Field,0V_Logic,J20,,3,Ferrule,TB56,,1,Ferrule,14,FALSE,,🟫 Brown,
W-465,W-465 · STEP_IO_PWR ⇒IM1:VDC＋,⇒IM1:VDC＋,W-465 · STEP_IO_PWR TB55:2⇒,TB55:2⇒,48V Power,Field,STEP_IO_PWR,TB55,,2,Ferrule,IM1,,VDC＋,Ferrule,14,FALSE,,🟧 Orange,
W-466,W-466 · STEP_IO_GND ⇒IM1:GND,⇒IM1:GND,W-466 · STEP_IO_GND TB56:2⇒,TB56:2⇒,48V Power,Field,STEP_IO_GND,TB56,,2,Ferrule,IM1,,GND,Ferrule,14,FALSE,,🟫 Brown,
W-467,W-467 · STEP_IO_PWR ⇒IM2:VDC＋,⇒IM2:VDC＋,W-467 · STEP_IO_PWR TB55:3⇒,TB55:3⇒,48V Power,Field,STEP_IO_PWR,TB55,,3,Ferrule,IM2,,VDC＋,Ferrule,14,FALSE,,🟧 Orange,
W-468,W-468 · STEP_IO_GND ⇒IM2:GND,⇒IM2:GND,W-468 · STEP_IO_GND TB56:4⇒,TB56:4⇒,48V Power,Field,STEP_IO_GND,TB56,,4,Ferrule,IM2,,GND,Ferrule,14,FALSE,,🟫 Brown,
W-473,W-473 · STEP_IO_PWR ⇒IM3:VDC＋,⇒IM3:VDC＋,W-473 · STEP_IO_PWR J30:4⇒,J30:4⇒,48V Power,Field,STEP_IO_PWR,J30,,4,Ferrule,IM3,,VDC＋,Ferrule,14,FALSE,,🟧 Orange,
W-474,W-474 · STEP_IO_GND ⇒IM3:GND,⇒IM3:GND,W-474 · STEP_IO_GND J30:3⇒,J30:3⇒,48V Power,Field,STEP_IO_GND,J30,,3,Ferrule,IM3,,GND,Ferrule,14,FALSE,,🟫 Brown,
W-501,W-501 · SPINDLE_RS＋ ⇒J5:2,⇒J5:2,W-501 · SPINDLE_RS＋ MESA:TB3:18⇒,MESA:TB3:18⇒,Control Signals,Main Cabinet,Spindle_rs＋,Mesa,TB3,18,Ferrule,J5,,2,Ferrule,14,FALSE,,🧵 Aqua,
W-502,W-502 · SPINDLE_RS－ ⇒J5:1,⇒J5:1,W-502 · SPINDLE_RS－ MESA:TB3:16⇒,MESA:TB3:16⇒,Control Signals,Main Cabinet,spindle_rs－,Mesa,TB3,16,Ferrule,J5,,1,Ferrule,14,FALSE,,🩵 Teal,
W-503,W-503 · Y1_STEP－ ⇒J1:1,⇒J1:1,W-503 · Y1_STEP－ MESA:TB2:2⇒,MESA:TB2:2⇒,Control Signals,Main Cabinet,Y1_step－,Mesa,TB2,2,Ferrule,J1,,1,Ferrule,24,FALSE,,🟦⬜️ Blue/White,
W-504,W-504 · Y1_STEP＋ ⇒J1:2,⇒J1:2,W-504 · Y1_STEP＋ MESA:TB2:3⇒,MESA:TB2:3⇒,Control Signals,Main Cabinet,Y1_step＋,Mesa,TB2,3,Ferrule,J1,,2,Ferrule,24,FALSE,,🟦 Blue,
W-505,W-505 · Y1_DIR－ ⇒J1:3,⇒J1:3,W-505 · Y1_DIR－ MESA:TB2:4⇒,MESA:TB2:4⇒,Control Signals,Main Cabinet,Y1_dir－,Mesa,TB2,4,Ferrule,J1,,3,Ferrule,24,FALSE,,🟩⬜️ Green/White,
W-506,W-506 · Y1_DIR＋ ⇒J1:4,⇒J1:4,W-506 · Y1_DIR＋ MESA:TB2:5⇒,MESA:TB2:5⇒,Control Signals,Main Cabinet,y1_dir＋,Mesa,TB2,5,Ferrule,J1,,4,Ferrule,24,FALSE,,🟩 Green,
W-507,W-507 · Y2_STEP－ ⇒J1:5,⇒J1:5,W-507 · Y2_STEP－ MESA:TB2:8⇒,MESA:TB2:8⇒,Control Signals,Main Cabinet,Y2_step－,Mesa,TB2,8,Ferrule,J1,,5,Ferrule,24,FALSE,,🟦⬜️ Blue/White,
W-508,W-508 · Y2_STEP＋ ⇒J1:6,⇒J1:6,W-508 · Y2_STEP＋ MESA:TB2:9⇒,MESA:TB2:9⇒,Control Signals,Main Cabinet,Y2_step＋,Mesa,TB2,9,Ferrule,J1,,6,Ferrule,24,FALSE,,🟦 Blue,
W-509,W-509 · Y2_DIR－ ⇒J1:7,⇒J1:7,W-509 · Y2_DIR－ MESA:TB2:10⇒,MESA:TB2:10⇒,Control Signals,Main Cabinet,Y2_dir－,Mesa,TB2,10,Ferrule,J1,,7,Ferrule,24,FALSE,,🟩⬜️ Green/White,
W-510,W-510 · Y2_DIR＋ ⇒J1:8,⇒J1:8,W-510 · Y2_DIR＋ MESA:TB2:11⇒,MESA:TB2:11⇒,Control Signals,Main Cabinet,Y2_dir＋,Mesa,TB2,11,Ferrule,J1,,8,Ferrule,24,FALSE,,🟩 Green,
W-511,W-511 · X_STEP－ ⇒J1:9,⇒J1:9,W-511 · X_STEP－ MESA:TB2:14⇒,MESA:TB2:14⇒,Control Signals,Main Cabinet,X_step－,Mesa,TB2,14,Ferrule,J1,,9,Ferrule,24,FALSE,,🟦⬜️ Blue/White,
W-512,W-512 · X_STEP＋ ⇒J1:10,⇒J1:10,W-512 · X_STEP＋ MESA:TB2:15⇒,MESA:TB2:15⇒,Control Signals,Main Cabinet,X_step＋,Mesa,TB2,15,Ferrule,J1,,10,Ferrule,24,FALSE,,🟦 Blue,
W-513,W-513 · X_DIR－ ⇒J1:11,⇒J1:11,W-513 · X_DIR－ MESA:TB2:16⇒,MESA:TB2:16⇒,Control Signals,Main Cabinet,X_dir－,Mesa,TB2,16,Ferrule,J1,,11,Ferrule,24,FALSE,,🟩⬜️ Green/White,
W-514,W-514 · X_DIR＋ ⇒J1:12,⇒J1:12,W-514 · X_DIR＋ MESA:TB2:17⇒,MESA:TB2:17⇒,Control Signals,Main Cabinet,X_dir＋,Mesa,TB2,17,Ferrule,J1,,12,Ferrule,24,FALSE,,🟩 Green,
W-515,W-515 · Z_STEP－ ⇒SD1:PUL－,⇒SD1:PUL－,W-515 · Z_STEP－ MESA:TB3:2⇒,MESA:TB3:2⇒,Control Signals,Main Cabinet,Z_step－,Mesa,TB3,2,Ferrule,SD1,,PUL－,Ferrule,24,FALSE,,🟦⬜️ Blue/White,
W-516,W-516 · Z_STEP＋ ⇒SD1:PUL＋,⇒SD1:PUL＋,W-516 · Z_STEP＋ MESA:TB3:3⇒,MESA:TB3:3⇒,Control Signals,Main Cabinet,Z_step＋,Mesa,TB3,3,Ferrule,SD1,,PUL＋,Ferrule,24,FALSE,,🟦 Blue,
W-517,W-517 · Z_DIR－ ⇒SD1:DIR－,⇒SD1:DIR－,W-517 · Z_DIR－ MESA:TB3:4⇒,MESA:TB3:4⇒,Control Signals,Main Cabinet,Z_dir－,Mesa,TB3,4,Ferrule,SD1,,DIR－,Ferrule,24,FALSE,,🟩⬜️ Green/White,
W-518,W-518 · Z_DIR＋ ⇒SD1:DIR＋,⇒SD1:DIR＋,W-518 · Z_DIR＋ MESA:TB3:5⇒,MESA:TB3:5⇒,Control Signals,Main Cabinet,Z_dir＋,Mesa,TB3,5,Ferrule,SD1,,DIR＋,Ferrule,24,FALSE,,🟩 Green,
W-519,W-519 · Z_A＋ ⇒J3:8,⇒J3:8,W-519 · Z_A＋ SD1:A＋⇒,SD1:A＋⇒,Control Signals,Main Cabinet,Z_A＋,SD1,,A＋,Ferrule,J3,,8,Ferrule,18,FALSE,,⬛️ Black,Double check colours/order
W-520,W-520 · Z_A－ ⇒J3:7,⇒J3:7,W-520 · Z_A－ SD1:A－⇒,SD1:A－⇒,Control Signals,Main Cabinet,Z_A－,SD1,,A－,Ferrule,J3,,7,Ferrule,18,FALSE,,🟩 Green,Double check colours/order
W-521,W-521 · Z_B＋ ⇒J3:6,⇒J3:6,W-521 · Z_B＋ SD1:B＋⇒,SD1:B＋⇒,Control Signals,Main Cabinet,Z_B＋,SD1,,B＋,Ferrule,J3,,6,Ferrule,18,FALSE,,🟥 Red,Double check colours/order
W-522,W-522 · Z_B－ ⇒J3:5,⇒J3:5,W-522 · Z_B－ SD1:B－⇒,SD1:B－⇒,Control Signals,Main Cabinet,Z_B－,SD1,,B－,Ferrule,J3,,5,Ferrule,18,FALSE,,🟦 Blue,Double check colours/order
W-551,W-551 · Y_MIN ⇒J1:13,⇒J1:13,W-551 · Y_MIN MESA:TB6:5⇒,MESA:TB6:5⇒,Control Signals,Main Cabinet,Y_min,MESA,TB6,5,Ferrule,J1,,13,Ferrule,24,FALSE,,🩶 Grey,
W-552,W-552 · Y_MAX ⇒J1:14,⇒J1:14,W-552 · Y_MAX MESA:TB6:6⇒,MESA:TB6:6⇒,Control Signals,Main Cabinet,y_Max,MESA,TB6,6,Ferrule,J1,,14,Ferrule,24,FALSE,,🩶 Grey,
W-553,W-553 · Y1_HOME ⇒J1:15,⇒J1:15,W-553 · Y1_HOME MESA:TB6:7⇒,MESA:TB6:7⇒,Control Signals,Main Cabinet,Y1_home,MESA,TB6,7,Ferrule,J1,,15,Ferrule,24,FALSE,,🩶 Grey,
W-554,W-554 · Y2_HOME ⇒J1:16,⇒J1:16,W-554 · Y2_HOME MESA:TB6:8⇒,MESA:TB6:8⇒,Control Signals,Main Cabinet,Y2_home,MESA,TB6,8,Ferrule,J1,,16,Ferrule,24,FALSE,,🩶 Grey,
W-555,W-555 · X_MIN ⇒J1:17,⇒J1:17,W-555 · X_MIN MESA:TB6:9⇒,MESA:TB6:9⇒,Control Signals,Main Cabinet,X_Min,MESA,TB6,9,Ferrule,J1,,17,Ferrule,24,FALSE,,🩶 Grey,
W-556,W-556 · X_MAX ⇒J1:18,⇒J1:18,W-556 · X_MAX MESA:TB6:10⇒,MESA:TB6:10⇒,Control Signals,Main Cabinet,X_Max,MESA,TB6,10,Ferrule,J1,,18,Ferrule,24,FALSE,,🩶 Grey,
W-557,W-557 · X_HOME ⇒J1:19,⇒J1:19,W-557 · X_HOME MESA:TB6:11⇒,MESA:TB6:11⇒,Control Signals,Main Cabinet,X_Home,MESA,TB6,11,Ferrule,J1,,19,Ferrule,24,FALSE,,🩶 Grey,
W-558,W-558 · Z_MIN ⇒J1:20,⇒J1:20,W-558 · Z_MIN MESA:TB6:12⇒,MESA:TB6:12⇒,Control Signals,Main Cabinet,Z_Min,MESA,TB6,12,Ferrule,J1,,20,Ferrule,24,FALSE,,🩶 Grey,
W-559,W-559 · Z_MAX ⇒J1:21,⇒J1:21,W-559 · Z_MAX MESA:TB6:13⇒,MESA:TB6:13⇒,Control Signals,Main Cabinet,Z_max,MESA,TB6,13,Ferrule,J1,,21,Ferrule,24,FALSE,,🩶 Grey,
W-560,W-560 · Z_HOME ⇒J1:22,⇒J1:22,W-560 · Z_HOME MESA:TB6:14⇒,MESA:TB6:14⇒,Control Signals,Main Cabinet,Z_home,MESA,TB6,14,Ferrule,J1,,22,Ferrule,24,FALSE,,🩶 Grey,
W-561,W-561 · PROBE_IN ⇒J1:23,⇒J1:23,W-561 · PROBE_IN MESA:TB6:15⇒,MESA:TB6:15⇒,Control Signals,Main Cabinet,Probe_in,MESA,TB6,15,Ferrule,J1,,23,Ferrule,24,FALSE,,⬜️ White,
W-563,W-563 · FAN_PWM ⇒FANS1:PWM,⇒FANS1:PWM,W-563 · FAN_PWM MESA:TB6:18⇒,MESA:TB6:18⇒,Control Signals,Main Cabinet,FAN_PWM,MESA,TB6,18,Ferrule,FANS1,,PWM,Ferrule,24,FALSE,,🩶 Grey,
W-595,W-595 · USB_HID ⇒J39:USB1,⇒J39:USB1,W-595 · USB_HID CPU1:USB1⇒,CPU1:USB1⇒,Control Signals,CPU Cabinet,USB_HID,CPU1,,USB1,Other,J39,,USB1,Other,,FALSE,,➖ not used,
W-596,W-596 · USB_USER ⇒J38:USB1,⇒J38:USB1,W-596 · USB_USER CPU1:USB2⇒,CPU1:USB2⇒,Control Signals,CPU Cabinet,USB_USER,CPU1,,USB2,Other,J38,,USB1,Other,,FALSE,,➖ not used,Extend to monitor zone
W-597,W-597 · MONITOR ⇒J37:HDMI,⇒J37:HDMI,W-597 · MONITOR CPU1:DP⇒,CPU1:DP⇒,Control Signals,CPU Cabinet,Monitor,CPU1,,DP,Other,J37,,HDMI,Other,,FALSE,,➖ not used,Add in dp/hdmi adapter
W-598,W-598 · WIFI_EXT ⇒RF1:1,⇒RF1:1,W-598 · WIFI_EXT CPU1:RF⇒,CPU1:RF⇒,Control Signals,CPU Cabinet,wifi_ext,CPU1,,RF,Other,RF1,,1,Other,,FALSE,,➖ not used,
W-599,W-599 · ETH_MESA ⇒MESA:ETH,⇒MESA:ETH,W-599 · ETH_MESA CPU1:ETH⇒,CPU1:ETH⇒,Control Signals,CPU Cabinet,eth_MESA,CPU1,,ETH,Other,MESA,,ETH,Other,,FALSE,,➖ not used,
W-603,W-603 · Z_A＋ ⇒P11:8,⇒P11:8,W-603 · Z_A＋ P3:8⇒,P3:8⇒,Control Signals,Field,Z_A＋,P3,,8,Ferrule,P11,,8,Ferrule,18,FALSE,,⬛️ Black,Double check colours/order
W-604,W-604 · Z_A－ ⇒P11:7,⇒P11:7,W-604 · Z_A－ P3:7⇒,P3:7⇒,Control Signals,Field,Z_A－,P3,,7,Ferrule,P11,,7,Ferrule,18,FALSE,,🟩 Green,Double check colours/order
W-605,W-605 · Z_B＋ ⇒P11:6,⇒P11:6,W-605 · Z_B＋ P3:6⇒,P3:6⇒,Control Signals,Field,Z_B＋,P3,,6,Ferrule,P11,,6,Ferrule,18,FALSE,,🟥 Red,Double check colours/order
W-606,W-606 · Z_B－ ⇒P11:5,⇒P11:5,W-606 · Z_B－ P3:5⇒,P3:5⇒,Control Signals,Field,Z_B－,P3,,5,Ferrule,P11,,5,Ferrule,18,FALSE,,🟦 Blue,Double check colours/order
W-607,W-607 · Z_A＋ ⇒J18:1,⇒J18:1,W-607 · Z_A＋ J11:8⇒,J11:8⇒,Control Signals,Field,Z_A＋,J11,,8,Ferrule,J18,,1,Ferrule,18,FALSE,,⬛️ Black,Double check colours/order
W-608,W-608 · Z_A－ ⇒J18:2,⇒J18:2,W-608 · Z_A－ J11:7⇒,J11:7⇒,Control Signals,Field,Z_A－,J11,,7,Ferrule,J18,,2,Ferrule,18,FALSE,,🟩 Green,Double check colours/order
W-609,W-609 · Z_B＋ ⇒J18:3,⇒J18:3,W-609 · Z_B＋ J11:6⇒,J11:6⇒,Control Signals,Field,Z_B＋,J11,,6,Ferrule,J18,,3,Ferrule,18,FALSE,,🟥 Red,Double check colours/order
W-610,W-610 · Z_B－ ⇒J18:4,⇒J18:4,W-610 · Z_B－ J11:5⇒,J11:5⇒,Control Signals,Field,Z_B－,J11,,5,Ferrule,J18,,4,Ferrule,18,FALSE,,🟦 Blue,Double check colours/order
W-611,W-611 · Z_A＋ ⇒P30:8,⇒P30:8,W-611 · Z_A＋ P16:8⇒,P16:8⇒,Control Signals,Field,Z_A＋,P16,,8,Ferrule,P30,,8,Ferrule,18,TRUE,,⬛️ Black,Double check colours/order
W-612,W-612 · Z_A－ ⇒P30:7,⇒P30:7,W-612 · Z_A－ P16:7⇒,P16:7⇒,Control Signals,Field,Z_A－,P16,,7,Ferrule,P30,,7,Ferrule,18,TRUE,,🟩 Green,Double check colours/order
W-613,W-613 · Z_B＋ ⇒P30:6,⇒P30:6,W-613 · Z_B＋ P16:6⇒,P16:6⇒,Control Signals,Field,Z_B＋,P16,,6,Ferrule,P30,,6,Ferrule,18,TRUE,,🟥 Red,Double check colours/order
W-614,W-614 · Z_B－ ⇒P30:5,⇒P30:5,W-614 · Z_B－ P16:5⇒,P16:5⇒,Control Signals,Field,Z_B－,P16,,5,Ferrule,P30,,5,Ferrule,18,TRUE,,🟦 Blue,Double check colours/order
W-623,W-623 · Z_A＋ ⇒SM1,⇒SM1,W-623 · Z_A＋ J30:8⇒,J30:8⇒,Control Signals,Field,Z_A＋,J30,,8,Ferrule,SM1,,,,18,FALSE,,⬛️ Black,Double check colours/order
W-624,W-624 · Z_A－ ⇒SM1,⇒SM1,W-624 · Z_A－ J30:7⇒,J30:7⇒,Control Signals,Field,Z_A－,J30,,7,Ferrule,SM1,,,,18,FALSE,,🟩 Green,Double check colours/order
W-625,W-625 · Z_B＋ ⇒SM1,⇒SM1,W-625 · Z_B＋ J30:6⇒,J30:6⇒,Control Signals,Field,Z_B＋,J30,,6,Ferrule,SM1,,,,18,FALSE,,🟥 Red,Double check colours/order
W-626,W-626 · Z_B－ ⇒SM1,⇒SM1,W-626 · Z_B－ J30:5⇒,J30:5⇒,Control Signals,Field,Z_B－,J30,,5,Ferrule,SM1,,,,18,FALSE,,🟦 Blue,Double check colours/order
W-627,W-627 · SPINDLE_U ⇒M1:1,⇒M1:1,W-627 · SPINDLE_U VFD1:U⇒,VFD1:U⇒,Control Signals,Field,spindle_u,VFD1,,U,Ferrule,M1,,1,Solder,10,TRUE,,⬛️ Black,
W-628,W-628 · SPINDLE_V ⇒M1:2,⇒M1:2,W-628 · SPINDLE_V VFD1:V⇒,VFD1:V⇒,Control Signals,Field,spindle_v,VFD1,,V,Ferrule,M1,,2,Solder,10,TRUE,,🟫 Brown,
W-629,W-629 · SPINDLE_W ⇒M1:3,⇒M1:3,W-629 · SPINDLE_W VFD1:W⇒,VFD1:W⇒,Control Signals,Field,spindle_w,VFD1,,W,Ferrule,M1,,3,Solder,10,TRUE,,🩶 Grey,
W-641,W-641 · Y1_STEP－ ⇒P9:1,⇒P9:1,W-641 · Y1_STEP－ P1:1⇒,P1:1⇒,Control Signals,Field,Y1_step－,P1,,1,Ferrule,P9,,1,Ferrule,24,FALSE,,🟦⬜️ Blue/White,
W-642,W-642 · Y1_STEP＋ ⇒P9:2,⇒P9:2,W-642 · Y1_STEP＋ P1:2⇒,P1:2⇒,Control Signals,Field,Y1_step＋,P1,,2,Ferrule,P9,,2,Ferrule,24,FALSE,,🟦 Blue,
W-643,W-643 · Y1_DIR－ ⇒P9:3,⇒P9:3,W-643 · Y1_DIR－ P1:3⇒,P1:3⇒,Control Signals,Field,Y1_dir－,P1,,3,Ferrule,P9,,3,Ferrule,24,FALSE,,🟩⬜️ Green/White,
W-644,W-644 · Y1_DIR＋ ⇒P9:4,⇒P9:4,W-644 · Y1_DIR＋ P1:4⇒,P1:4⇒,Control Signals,Field,y1_dir＋,P1,,4,Ferrule,P9,,4,Ferrule,24,FALSE,,🟩 Green,
W-645,W-645 · Y2_STEP－ ⇒P9:5,⇒P9:5,W-645 · Y2_STEP－ P1:5⇒,P1:5⇒,Control Signals,Field,Y2_step－,P1,,5,Ferrule,P9,,5,Ferrule,24,FALSE,,🟦⬜️ Blue/White,
W-646,W-646 · Y2_STEP＋ ⇒P9:6,⇒P9:6,W-646 · Y2_STEP＋ P1:6⇒,P1:6⇒,Control Signals,Field,Y2_step＋,P1,,6,Ferrule,P9,,6,Ferrule,24,FALSE,,🟦 Blue,
W-647,W-647 · Y2_DIR－ ⇒P9:7,⇒P9:7,W-647 · Y2_DIR－ P1:7⇒,P1:7⇒,Control Signals,Field,Y2_dir－,P1,,7,Ferrule,P9,,7,Ferrule,24,FALSE,,🟩⬜️ Green/White,
W-648,W-648 · Y2_DIR＋ ⇒P9:8,⇒P9:8,W-648 · Y2_DIR＋ P1:8⇒,P1:8⇒,Control Signals,Field,Y2_dir＋,P1,,8,Ferrule,P9,,8,Ferrule,24,FALSE,,🟩 Green,
W-649,W-649 · X_STEP－ ⇒P9:9,⇒P9:9,W-649 · X_STEP－ P1:9⇒,P1:9⇒,Control Signals,Field,X_step－,P1,,9,Ferrule,P9,,9,Ferrule,24,FALSE,,🟦⬜️ Blue/White,
W-650,W-650 · X_STEP＋ ⇒P9:10,⇒P9:10,W-650 · X_STEP＋ P1:10⇒,P1:10⇒,Control Signals,Field,X_step＋,P1,,10,Ferrule,P9,,10,Ferrule,24,FALSE,,🟦 Blue,
W-651,W-651 · X_DIR－ ⇒P9:11,⇒P9:11,W-651 · X_DIR－ P1:11⇒,P1:11⇒,Control Signals,Field,X_dir－,P1,,11,Ferrule,P9,,11,Ferrule,24,FALSE,,🟩⬜️ Green/White,
W-652,W-652 · X_DIR＋ ⇒P9:12,⇒P9:12,W-652 · X_DIR＋ P1:12⇒,P1:12⇒,Control Signals,Field,X_dir＋,P1,,12,Ferrule,P9,,12,Ferrule,24,FALSE,,🟩 Green,
W-653,W-653 · Y1_STEP－ ⇒J14:1,⇒J14:1,W-653 · Y1_STEP－ J9:1⇒,J9:1⇒,Control Signals,Field,Y1_step－,J9,,1,Ferrule,J14,,1,Ferrule,24,FALSE,,🟦⬜️ Blue/White,
W-654,W-654 · Y1_STEP＋ ⇒J14:2,⇒J14:2,W-654 · Y1_STEP＋ J9:2⇒,J9:2⇒,Control Signals,Field,Y1_step＋,J9,,2,Ferrule,J14,,2,Ferrule,24,FALSE,,🟦 Blue,
W-655,W-655 · Y1_DIR－ ⇒J14:3,⇒J14:3,W-655 · Y1_DIR－ J9:3⇒,J9:3⇒,Control Signals,Field,Y1_dir－,J9,,3,Ferrule,J14,,3,Ferrule,24,FALSE,,🟩⬜️ Green/White,
W-656,W-656 · Y1_DIR＋ ⇒J14:4,⇒J14:4,W-656 · Y1_DIR＋ J9:4⇒,J9:4⇒,Control Signals,Field,y1_dir＋,J9,,4,Ferrule,J14,,4,Ferrule,24,FALSE,,🟩 Green,
W-657,W-657 · Y2_STEP－ ⇒J14:5,⇒J14:5,W-657 · Y2_STEP－ J9:5⇒,J9:5⇒,Control Signals,Field,Y2_step－,J9,,5,Ferrule,J14,,5,Ferrule,24,FALSE,,🟦⬜️ Blue/White,
W-658,W-658 · Y2_STEP＋ ⇒J14:6,⇒J14:6,W-658 · Y2_STEP＋ J9:6⇒,J9:6⇒,Control Signals,Field,Y2_step＋,J9,,6,Ferrule,J14,,6,Ferrule,24,FALSE,,🟦 Blue,
W-659,W-659 · Y2_DIR－ ⇒J14:7,⇒J14:7,W-659 · Y2_DIR－ J9:7⇒,J9:7⇒,Control Signals,Field,Y2_dir－,J9,,7,Ferrule,J14,,7,Ferrule,24,FALSE,,🟩⬜️ Green/White,
W-660,W-660 · Y2_DIR＋ ⇒J14:8,⇒J14:8,W-660 · Y2_DIR＋ J9:8⇒,J9:8⇒,Control Signals,Field,Y2_dir＋,J9,,8,Ferrule,J14,,8,Ferrule,24,FALSE,,🟩 Green,
W-661,W-661 · X_STEP－ ⇒J14:9,⇒J14:9,W-661 · X_STEP－ J9:9⇒,J9:9⇒,Control Signals,Field,X_step－,J9,,9,Ferrule,J14,,9,Ferrule,24,FALSE,,🟦⬜️ Blue/White,
W-662,W-662 · X_STEP＋ ⇒J14:10,⇒J14:10,W-662 · X_STEP＋ J9:10⇒,J9:10⇒,Control Signals,Field,X_step＋,J9,,10,Ferrule,J14,,10,Ferrule,24,FALSE,,🟦 Blue,
W-663,W-663 · X_DIR－ ⇒J14:11,⇒J14:11,W-663 · X_DIR－ J9:11⇒,J9:11⇒,Control Signals,Field,X_dir－,J9,,11,Ferrule,J14,,11,Ferrule,24,FALSE,,🟩⬜️ Green/White,
W-664,W-664 · X_DIR＋ ⇒J14:12,⇒J14:12,W-664 · X_DIR＋ J9:12⇒,J9:12⇒,Control Signals,Field,X_dir＋,J9,,12,Ferrule,J14,,12,Ferrule,24,FALSE,,🟩 Green,
W-665,W-665 · Y1_STEP－ ⇒P19:1,⇒P19:1,W-665 · Y1_STEP－ P14:1⇒,P14:1⇒,Control Signals,Field,Y1_step－,P14,,1,Ferrule,P19,,1,Ferrule,24,TRUE,,🟦⬜️ Blue/White,
W-666,W-666 · Y1_STEP＋ ⇒P19:2,⇒P19:2,W-666 · Y1_STEP＋ P14:2⇒,P14:2⇒,Control Signals,Field,Y1_step＋,P14,,2,Ferrule,P19,,2,Ferrule,24,TRUE,,🟦 Blue,
W-667,W-667 · Y1_DIR－ ⇒P19:3,⇒P19:3,W-667 · Y1_DIR－ P14:3⇒,P14:3⇒,Control Signals,Field,Y1_dir－,P14,,3,Ferrule,P19,,3,Ferrule,24,TRUE,,🟩⬜️ Green/White,
W-668,W-668 · Y1_DIR＋ ⇒P19:4,⇒P19:4,W-668 · Y1_DIR＋ P14:4⇒,P14:4⇒,Control Signals,Field,y1_dir＋,P14,,4,Ferrule,P19,,4,Ferrule,24,TRUE,,🟩 Green,
W-669,W-669 · Y2_STEP－ ⇒P19:5,⇒P19:5,W-669 · Y2_STEP－ P14:5⇒,P14:5⇒,Control Signals,Field,Y2_step－,P14,,5,Ferrule,P19,,5,Ferrule,24,TRUE,,🟦⬜️ Blue/White,
W-670,W-670 · Y2_STEP＋ ⇒P19:6,⇒P19:6,W-670 · Y2_STEP＋ P14:6⇒,P14:6⇒,Control Signals,Field,Y2_step＋,P14,,6,Ferrule,P19,,6,Ferrule,24,TRUE,,🟦 Blue,
W-671,W-671 · Y2_DIR－ ⇒P19:7,⇒P19:7,W-671 · Y2_DIR－ P14:7⇒,P14:7⇒,Control Signals,Field,Y2_dir－,P14,,7,Ferrule,P19,,7,Ferrule,24,TRUE,,🟩⬜️ Green/White,
W-672,W-672 · Y2_DIR＋ ⇒P19:8,⇒P19:8,W-672 · Y2_DIR＋ P14:8⇒,P14:8⇒,Control Signals,Field,Y2_dir＋,P14,,8,Ferrule,P19,,8,Ferrule,24,TRUE,,🟩 Green,
W-673,W-673 · X_STEP－ ⇒P19:9,⇒P19:9,W-673 · X_STEP－ P14:9⇒,P14:9⇒,Control Signals,Field,X_step－,P14,,9,Ferrule,P19,,9,Ferrule,24,TRUE,,🟦⬜️ Blue/White,
W-674,W-674 · X_STEP＋ ⇒P19:10,⇒P19:10,W-674 · X_STEP＋ P14:10⇒,P14:10⇒,Control Signals,Field,X_step＋,P14,,10,Ferrule,P19,,10,Ferrule,24,TRUE,,🟦 Blue,
W-675,W-675 · X_DIR－ ⇒P19:11,⇒P19:11,W-675 · X_DIR－ P14:11⇒,P14:11⇒,Control Signals,Field,X_dir－,P14,,11,Ferrule,P19,,11,Ferrule,24,TRUE,,🟩⬜️ Green/White,
W-676,W-676 · X_DIR＋ ⇒P19:12,⇒P19:12,W-676 · X_DIR＋ P14:12⇒,P14:12⇒,Control Signals,Field,X_dir＋,P14,,12,Ferrule,P19,,12,Ferrule,24,TRUE,,🟩 Green,
W-677,W-677 · Y1_STEP－ ⇒IM1:PUL－,⇒IM1:PUL－,W-677 · Y1_STEP－ J19:1⇒,J19:1⇒,Control Signals,Field,Y1_step－,J19,,1,Ferrule,IM1,,PUL－,Ferrule,24,FALSE,,🟦⬜️ Blue/White,
W-678,W-678 · Y1_STEP＋ ⇒IM1:PUL＋,⇒IM1:PUL＋,W-678 · Y1_STEP＋ J19:2⇒,J19:2⇒,Control Signals,Field,Y1_step＋,J19,,2,Ferrule,IM1,,PUL＋,Ferrule,24,FALSE,,🟦 Blue,
W-679,W-679 · Y1_DIR－ ⇒IM1:DIR－,⇒IM1:DIR－,W-679 · Y1_DIR－ J19:3⇒,J19:3⇒,Control Signals,Field,Y1_dir－,J19,,3,Ferrule,IM1,,DIR－,Ferrule,24,FALSE,,🟩⬜️ Green/White,
W-680,W-680 · Y1_DIR＋ ⇒IM1:DIR＋,⇒IM1:DIR＋,W-680 · Y1_DIR＋ J19:4⇒,J19:4⇒,Control Signals,Field,y1_dir＋,J19,,4,Ferrule,IM1,,DIR＋,Ferrule,24,FALSE,,🟩 Green,
W-681,W-681 · Y2_STEP－ ⇒IM2:PUL－,⇒IM2:PUL－,W-681 · Y2_STEP－ J19:5⇒,J19:5⇒,Control Signals,Field,Y2_step－,J19,,5,Ferrule,IM2,,PUL－,Ferrule,24,FALSE,,🟦⬜️ Blue/White,
W-682,W-682 · Y2_STEP＋ ⇒IM2:PUL＋,⇒IM2:PUL＋,W-682 · Y2_STEP＋ J19:6⇒,J19:6⇒,Control Signals,Field,Y2_step＋,J19,,6,Ferrule,IM2,,PUL＋,Ferrule,24,FALSE,,🟦 Blue,
W-683,W-683 · Y2_DIR－ ⇒IM2:DIR－,⇒IM2:DIR－,W-683 · Y2_DIR－ J19:7⇒,J19:7⇒,Control Signals,Field,Y2_dir－,J19,,7,Ferrule,IM2,,DIR－,Ferrule,24,FALSE,,🟩⬜️ Green/White,
W-684,W-684 · Y2_DIR＋ ⇒IM2:DIR＋,⇒IM2:DIR＋,W-684 · Y2_DIR＋ J19:8⇒,J19:8⇒,Control Signals,Field,Y2_dir＋,J19,,8,Ferrule,IM2,,DIR＋,Ferrule,24,FALSE,,🟩 Green,
W-685,W-685 · X_STEP－ ⇒J24:1,⇒J24:1,W-685 · X_STEP－ J19:9⇒,J19:9⇒,Control Signals,Field,X_step－,J19,,9,Ferrule,J24,,1,Ferrule,24,FALSE,,🟦⬜️ Blue/White,
W-686,W-686 · X_STEP＋ ⇒J24:2,⇒J24:2,W-686 · X_STEP＋ J19:10⇒,J19:10⇒,Control Signals,Field,X_step＋,J19,,10,Ferrule,J24,,2,Ferrule,24,FALSE,,🟦 Blue,
W-687,W-687 · X_DIR－ ⇒J24:3,⇒J24:3,W-687 · X_DIR－ J19:11⇒,J19:11⇒,Control Signals,Field,X_dir－,J19,,11,Ferrule,J24,,3,Ferrule,24,FALSE,,🟩⬜️ Green/White,
W-688,W-688 · X_DIR＋ ⇒J24:4,⇒J24:4,W-688 · X_DIR＋ J19:12⇒,J19:12⇒,Control Signals,Field,X_dir＋,J19,,12,Ferrule,J24,,4,Ferrule,24,FALSE,,🟩 Green,
W-689,W-689 · X_STEP－ ⇒P28:1,⇒P28:1,W-689 · X_STEP－ P24:1⇒,P24:1⇒,Control Signals,Field,X_step－,P24,,1,Ferrule,P28,,1,Ferrule,24,TRUE,,🟦⬜️ Blue/White,
W-690,W-690 · X_STEP＋ ⇒P28:2,⇒P28:2,W-690 · X_STEP＋ P24:2⇒,P24:2⇒,Control Signals,Field,X_step＋,P24,,2,Ferrule,P28,,2,Ferrule,24,TRUE,,🟦 Blue,
W-691,W-691 · X_DIR－ ⇒P28:3,⇒P28:3,W-691 · X_DIR－ P24:3⇒,P24:3⇒,Control Signals,Field,X_dir－,P24,,3,Ferrule,P28,,3,Ferrule,24,TRUE,,🟩⬜️ Green/White,
W-692,W-692 · X_DIR＋ ⇒P28:4,⇒P28:4,W-692 · X_DIR＋ P24:4⇒,P24:4⇒,Control Signals,Field,X_dir＋,P24,,4,Ferrule,P28,,4,Ferrule,24,TRUE,,🟩 Green,
W-693,W-693 · X_STEP－ ⇒IM3:PUL－,⇒IM3:PUL－,W-693 · X_STEP－ J28:1⇒,J28:1⇒,Control Signals,Field,X_step－,J28,,1,Ferrule,IM3,,PUL－,Ferrule,24,FALSE,,🟦⬜️ Blue/White,
W-694,W-694 · X_STEP＋ ⇒IM3:PUL＋,⇒IM3:PUL＋,W-694 · X_STEP＋ J28:2⇒,J28:2⇒,Control Signals,Field,X_step＋,J28,,2,Ferrule,IM3,,PUL＋,Ferrule,24,FALSE,,🟦 Blue,
W-695,W-695 · X_DIR－ ⇒IM3:DIR－,⇒IM3:DIR－,W-695 · X_DIR－ J28:3⇒,J28:3⇒,Control Signals,Field,X_dir－,J28,,3,Ferrule,IM3,,DIR－,Ferrule,24,FALSE,,🟩⬜️ Green/White,
W-696,W-696 · X_DIR＋ ⇒IM3:DIR＋,⇒IM3:DIR＋,W-696 · X_DIR＋ J28:4⇒,J28:4⇒,Control Signals,Field,X_dir＋,J28,,4,Ferrule,IM3,,DIR＋,Ferrule,24,FALSE,,🟩 Green,
W-701,W-701 · Y_MIN ⇒P9:13,⇒P9:13,W-701 · Y_MIN P1:13⇒,P1:13⇒,Control Signals,Field,Y_min,P1,,13,Ferrule,P9,,13,Ferrule,24,FALSE,,🩶 Grey,
W-702,W-702 · Y_MAX ⇒P9:14,⇒P9:14,W-702 · Y_MAX P1:14⇒,P1:14⇒,Control Signals,Field,y_Max,P1,,14,Ferrule,P9,,14,Ferrule,24,FALSE,,🩶 Grey,
W-703,W-703 · Y1_HOME ⇒P9:15,⇒P9:15,W-703 · Y1_HOME P1:15⇒,P1:15⇒,Control Signals,Field,Y1_home,P1,,15,Ferrule,P9,,15,Ferrule,24,FALSE,,🩶 Grey,
W-704,W-704 · Y2_HOME ⇒P9:16,⇒P9:16,W-704 · Y2_HOME P1:16⇒,P1:16⇒,Control Signals,Field,Y2_home,P1,,16,Ferrule,P9,,16,Ferrule,24,FALSE,,🩶 Grey,
W-705,W-705 · X_MIN ⇒P9:17,⇒P9:17,W-705 · X_MIN P1:17⇒,P1:17⇒,Control Signals,Field,X_Min,P1,,17,Ferrule,P9,,17,Ferrule,24,FALSE,,🩶 Grey,
W-706,W-706 · X_MAX ⇒P9:18,⇒P9:18,W-706 · X_MAX P1:18⇒,P1:18⇒,Control Signals,Field,X_Max,P1,,18,Ferrule,P9,,18,Ferrule,24,FALSE,,🩶 Grey,
W-707,W-707 · X_HOME ⇒P9:19,⇒P9:19,W-707 · X_HOME P1:19⇒,P1:19⇒,Control Signals,Field,X_Home,P1,,19,Ferrule,P9,,19,Ferrule,24,FALSE,,🩶 Grey,
W-708,W-708 · Z_MIN ⇒P9:20,⇒P9:20,W-708 · Z_MIN P1:20⇒,P1:20⇒,Control Signals,Field,Z_Min,P1,,20,Ferrule,P9,,20,Ferrule,24,FALSE,,🩶 Grey,
W-709,W-709 · Z_MAX ⇒P9:21,⇒P9:21,W-709 · Z_MAX P1:21⇒,P1:21⇒,Control Signals,Field,Z_max,P1,,21,Ferrule,P9,,21,Ferrule,24,FALSE,,🩶 Grey,
W-710,W-710 · Z_HOME ⇒P9:22,⇒P9:22,W-710 · Z_HOME P1:22⇒,P1:22⇒,Control Signals,Field,Z_home,P1,,22,Ferrule,P9,,22,Ferrule,24,FALSE,,🩶 Grey,
W-711,W-711 · PROBE_IN ⇒P9:23,⇒P9:23,W-711 · PROBE_IN P1:23⇒,P1:23⇒,Control Signals,Field,Probe_in,P1,,23,Ferrule,P9,,23,Ferrule,24,FALSE,,⬜️ White,
W-712,W-712 · Y_MIN ⇒LS1,⇒LS1,W-712 · Y_MIN J9:13⇒,J9:13⇒,Control Signals,Field,Y_min,J9,,13,Ferrule,LS1,,,,,FALSE,,🩶 Grey,
W-713,W-713 · Y_MAX ⇒LS2,⇒LS2,W-713 · Y_MAX J9:14⇒,J9:14⇒,Control Signals,Field,y_Max,J9,,14,Ferrule,LS2,,,,,FALSE,,🩶 Grey,
W-714,W-714 · Y1_HOME ⇒HS1,⇒HS1,W-714 · Y1_HOME J9:15⇒,J9:15⇒,Control Signals,Field,Y1_home,J9,,15,Ferrule,HS1,,,,,FALSE,,🩶 Grey,
W-715,W-715 · Y2_HOME ⇒HS2,⇒HS2,W-715 · Y2_HOME J9:16⇒,J9:16⇒,Control Signals,Field,Y2_home,J9,,16,Ferrule,HS2,,,,,FALSE,,🩶 Grey,
W-716,W-716 · X_MIN ⇒J14:17,⇒J14:17,W-716 · X_MIN J9:17⇒,J9:17⇒,Control Signals,Field,X_Min,J9,,17,Ferrule,J14,,17,Ferrule,24,FALSE,,🩶 Grey,
W-717,W-717 · X_MAX ⇒J14:18,⇒J14:18,W-717 · X_MAX J9:18⇒,J9:18⇒,Control Signals,Field,X_Max,J9,,18,Ferrule,J14,,18,Ferrule,24,FALSE,,🩶 Grey,
W-718,W-718 · X_HOME ⇒J14:19,⇒J14:19,W-718 · X_HOME J9:19⇒,J9:19⇒,Control Signals,Field,X_Home,J9,,19,Ferrule,J14,,19,Ferrule,24,FALSE,,🩶 Grey,
W-719,W-719 · Z_MIN ⇒J14:20,⇒J14:20,W-719 · Z_MIN J9:20⇒,J9:20⇒,Control Signals,Field,Z_Min,J9,,20,Ferrule,J14,,20,Ferrule,24,FALSE,,🩶 Grey,
W-720,W-720 · Z_MAX ⇒J14:21,⇒J14:21,W-720 · Z_MAX J9:21⇒,J9:21⇒,Control Signals,Field,Z_max,J9,,21,Ferrule,J14,,21,Ferrule,24,FALSE,,🩶 Grey,
W-721,W-721 · Z_HOME ⇒J14:22,⇒J14:22,W-721 · Z_HOME J9:22⇒,J9:22⇒,Control Signals,Field,Z_home,J9,,22,Ferrule,J14,,22,Ferrule,24,FALSE,,🩶 Grey,
W-722,W-722 · PROBE_IN ⇒TP1,⇒TP1,W-722 · PROBE_IN J9:23⇒,J9:23⇒,Control Signals,Field,Probe_in,J9,,23,Ferrule,TP1,,,,,FALSE,,⬜️ White,
W-723,W-723 · X_MIN ⇒P19:17,⇒P19:17,W-723 · X_MIN P14:17⇒,P14:17⇒,Control Signals,Field,X_Min,P14,,17,Ferrule,P19,,17,Ferrule,24,TRUE,,🩶 Grey,
W-724,W-724 · X_MAX ⇒P19:18,⇒P19:18,W-724 · X_MAX P14:18⇒,P14:18⇒,Control Signals,Field,X_Max,P14,,18,Ferrule,P19,,18,Ferrule,24,TRUE,,🩶 Grey,
W-725,W-725 · X_HOME ⇒P19:19,⇒P19:19,W-725 · X_HOME P14:19⇒,P14:19⇒,Control Signals,Field,X_Home,P14,,19,Ferrule,P19,,19,Ferrule,24,TRUE,,🩶 Grey,
W-726,W-726 · Z_MIN ⇒P19:20,⇒P19:20,W-726 · Z_MIN P14:20⇒,P14:20⇒,Control Signals,Field,Z_Min,P14,,20,Ferrule,P19,,20,Ferrule,24,TRUE,,🩶 Grey,
W-727,W-727 · Z_MAX ⇒P19:21,⇒P19:21,W-727 · Z_MAX P14:21⇒,P14:21⇒,Control Signals,Field,Z_max,P14,,21,Ferrule,P19,,21,Ferrule,24,TRUE,,🩶 Grey,
W-728,W-728 · Z_HOME ⇒P19:22,⇒P19:22,W-728 · Z_HOME P14:22⇒,P14:22⇒,Control Signals,Field,Z_home,P14,,22,Ferrule,P19,,22,Ferrule,24,TRUE,,🩶 Grey,
W-729,W-729 · X_MIN ⇒LS3,⇒LS3,W-729 · X_MIN J19:17⇒,J19:17⇒,Control Signals,Field,X_Min,J19,,17,Ferrule,LS3,,,,,FALSE,,🩶 Grey,
W-730,W-730 · X_MAX ⇒LS4,⇒LS4,W-730 · X_MAX J19:18⇒,J19:18⇒,Control Signals,Field,X_Max,J19,,18,Ferrule,LS4,,,,,FALSE,,🩶 Grey,
W-731,W-731 · X_HOME ⇒HS3,⇒HS3,W-731 · X_HOME J19:19⇒,J19:19⇒,Control Signals,Field,X_Home,J19,,19,Ferrule,HS3,,,,,FALSE,,🩶 Grey,
W-732,W-732 · Z_MIN ⇒J24:5,⇒J24:5,W-732 · Z_MIN J19:20⇒,J19:20⇒,Control Signals,Field,Z_Min,J19,,20,Ferrule,J24,,5,Ferrule,24,FALSE,,🩶 Grey,
W-733,W-733 · Z_MAX ⇒J24:6,⇒J24:6,W-733 · Z_MAX J19:21⇒,J19:21⇒,Control Signals,Field,Z_max,J19,,21,Ferrule,J24,,6,Ferrule,24,FALSE,,🩶 Grey,
W-734,W-734 · Z_HOME ⇒J24:7,⇒J24:7,W-734 · Z_HOME J19:22⇒,J19:22⇒,Control Signals,Field,Z_home,J19,,22,Ferrule,J24,,7,Ferrule,24,FALSE,,🩶 Grey,
W-735,W-735 · Z_MIN ⇒P28:5,⇒P28:5,W-735 · Z_MIN P24:5⇒,P24:5⇒,Control Signals,Field,Z_Min,P24,,5,Ferrule,P28,,5,Ferrule,24,TRUE,,🩶 Grey,
W-736,W-736 · Z_MAX ⇒P28:6,⇒P28:6,W-736 · Z_MAX P24:6⇒,P24:6⇒,Control Signals,Field,Z_max,P24,,6,Ferrule,P28,,6,Ferrule,24,TRUE,,🩶 Grey,
W-737,W-737 · Z_HOME ⇒P28:7,⇒P28:7,W-737 · Z_HOME P24:7⇒,P24:7⇒,Control Signals,Field,Z_home,P24,,7,Ferrule,P28,,7,Ferrule,24,TRUE,,🩶 Grey,
W-738,W-738 · Z_MIN ⇒LS5:5,⇒LS5:5,W-738 · Z_MIN J28:5⇒,J28:5⇒,Control Signals,Field,Z_Min,J28,,5,Ferrule,LS5,,5,Ferrule,24,FALSE,,🩶 Grey,
W-739,W-739 · Z_MAX ⇒LS6:6,⇒LS6:6,W-739 · Z_MAX J28:6⇒,J28:6⇒,Control Signals,Field,Z_max,J28,,6,Ferrule,LS6,,6,Ferrule,24,FALSE,,🩶 Grey,
W-740,W-740 · Z_HOME ⇒HS4:7,⇒HS4:7,W-740 · Z_HOME J28:7⇒,J28:7⇒,Control Signals,Field,Z_home,J28,,7,Ferrule,HS4,,7,Ferrule,24,FALSE,,🩶 Grey,
W-901,W-901 · PE ⇒TB1:1,⇒TB1:1,W-901 · PE P0:PE⇒,P0:PE⇒,PE,Main Cabinet,PE,P0,,PE,Other,TB1,,1,Ferrule,10,FALSE,,🟩 Green,
W-902,W-902 · PE ⇒TB4:1,⇒TB4:1,W-902 · PE TB1:2⇒,TB1:2⇒,PE,Main Cabinet,PE,TB1,,2,Ferrule,TB4,,1,Ferrule,10,FALSE,,🟩 Green,
W-911,W-911 · PE ⇒F1:PE,⇒F1:PE,W-911 · PE TB4:20⇒,TB4:20⇒,PE,Main Cabinet,PE,TB4,,20,Ferrule,F1,,PE,Spade,10,FALSE,,🟩 Green,
W-912,W-912 · PE ⇒PS5:GND,⇒PS5:GND,W-912 · PE TB4:18⇒,TB4:18⇒,PE,Main Cabinet,PE,TB4,,18,Ferrule,PS5,,GND,Ring,10,FALSE,,🟩 Green,
W-913,W-913 · PE ⇒PS6:GND,⇒PS6:GND,W-913 · PE TB4:16⇒,TB4:16⇒,PE,Main Cabinet,PE,TB4,,16,Ferrule,PS6,,GND,Ring,10,FALSE,,🟩 Green,
W-914,W-914 · PE ⇒PS4:GND,⇒PS4:GND,W-914 · PE TB4:14⇒,TB4:14⇒,PE,Main Cabinet,PE,TB4,,14,Ferrule,PS4,,GND,Ring,10,FALSE,,🟩 Green,
W-915,W-915 · PE ⇒J6:2,⇒J6:2,W-915 · PE TB4:12⇒,TB4:12⇒,PE,Main Cabinet,PE,TB4,,12,Ferrule,J6,,2,Ferrule,10,FALSE,,🟩 Green,
W-916,W-916 · PE ⇒J6:1,⇒J6:1,W-916 · PE TB4:10⇒,TB4:10⇒,PE,Main Cabinet,PE,TB4,,10,Ferrule,J6,,1,Ferrule,10,FALSE,,🟩 Green,
W-917,W-917 · PE ⇒J1:GND,⇒J1:GND,W-917 · PE TB4:8⇒,TB4:8⇒,PE,Main Cabinet,PE,TB4,,8,Ferrule,J1,,GND,Ferrule,14,FALSE,,🟩 Green,
W-918,W-918 · PE ⇒P40:PE,⇒P40:PE,W-918 · PE TB4:6⇒,TB4:6⇒,PE,Main Cabinet,PE,TB4,,6,Ferrule,P40,,PE,Other,14,FALSE,,🟩 Green,
W-919,W-919 · PE ⇒J35:PE,⇒J35:PE,W-919 · PE TB4:4⇒,TB4:4⇒,PE,Main Cabinet,PE,TB4,,4,Ferrule,J35,,PE,Solder,10,FALSE,,🟩 Green,
W-920,W-920 · PE ⇒MESA:FRAME:FR1,⇒MESA:FRAME:FR1,W-920 · PE TB4:2⇒,TB4:2⇒,PE,Main Cabinet,PE,TB4,,2,Ferrule,Mesa,Frame,FR1,Ring,10,FALSE,,🟩 Green,
W-951,W-951 · PE ⇒VFD1:GND,⇒VFD1:GND,W-951 · PE P6:2⇒,P6:2⇒,PE,Field,PE,P6,,2,Ferrule,VFD1,,GND,Solder,10,FALSE,,🟩 Green,
W-952,W-952 · PE ⇒M1:4,⇒M1:4,W-952 · PE P6:1⇒,P6:1⇒,PE,Field,PE,P6,,1,Ferrule,M1,,4,Solder,10,TRUE,,🟩 Green,
W-953,W-953 · PE ⇒P9:GND,⇒P9:GND,W-953 · PE P1:GND⇒,P1:GND⇒,PE,Field,PE,P1,,GND,Ferrule,P9,,GND,Solder,14,FALSE,,🟩 Green,
W-954,W-954 · PE ⇒J14:GND,⇒J14:GND,W-954 · PE J9:GND⇒,J9:GND⇒,PE,Field,PE,J9,,GND,Ferrule,J14,,GND,Solder,14,FALSE,,🟩 Green,
W-955,W-955 · PE ⇒P19:GND,⇒P19:GND,W-955 · PE P14:GND⇒,P14:GND⇒,PE,Field,PE,P14,,GND,Ferrule,P19,,GND,Solder,14,TRUE,,🟩 Green,
W-956,W-956 · PE ⇒J24:9,⇒J24:9,W-956 · PE J19:GND⇒,J19:GND⇒,PE,Field,PE,J19,,GND,Ferrule,J24,,9,Solder,14,FALSE,,🟩 Green,
W-957,W-957 · PE ⇒P28:9,⇒P28:9,W-957 · PE P24:9⇒,P24:9⇒,PE,Field,PE,P24,,9,Ferrule,P28,,9,Solder,14,TRUE,,🟩 Green,
W-961,W-961 · PE ⇒J36:PE,⇒J36:PE,W-961 · PE P35:PE⇒,P35:PE⇒,PE,Field,PE,P35,,PE,Other,J36,,PE,Other,10,FALSE,,🟩 Green,