Tag,Type,Part / Model,Description,Mfr,Rating,Location,Mounting,Terminals,Used In,Qty,Spare,Notes
CPU1,CPU,,Tiny Form Factor Computer,Lenovo,,CPU Cabinet,DIN Rail w. Printed Mount,,,,,
F1,EMI Filter,,,,,Main Cabinet,DIN Rail w. Printed Mount,1-4,,,,
FAN1,Fan,,,,24 VDC,Filter Box,,,,,,
FAN2,Fan,,,,24 VDC,Filter Box,,,,,,
FAN3,Fan,,,,,Filter Box,,,,,,
FAN4,Fan,,,,,Filter Box,,,,,,
HS1,Inductive Sensor,,Y1 Home Switch,,,Static Platform,8040 w. Printed Mount,,,,,
HS2,Inductive Sensor,,Y2 Home Switch,,,Static Platform,8040 w. Printed Mount,,,,,
HS3,Inductive Sensor,,X Home Switch,,,Y Platform,8040 w. Printed Mount,,,,,
HS4,Inductive Sensor,,Z Home Switch,,,X Platform,Printed Mount,,,,,
IM1,Integrated Stepper,JSS57P2N,Y1 Integrated Stepper,Generic,,Y Platform,,"Dir,Pul,Ena,Pend,Alm:[+/-]
5V,Tx,Gnd_SIG,Rx,NC; GND_PWR,+VDC",,,,
IM2,Integrated Stepper,JSS57P2N,Y2 Integrated Stepper,Generic,,Y Platform,,,,,,
IM3,Integrated Stepper,JSS57P2N,X Integrated Stepper,Generic,,X Platform,,,,,,
J1,Connector,DB25-F to TB,Stepper and Sensor Signals,,,Main Cabinet Breakout,Panel Mount,"1-25,GND",,,,
J10,Connector,PTB-2,Sensor Power,,,Static Platform,Panel Mount,1-2,,,,
J11,Connector,PTB-8,"Integrated Stepper Power, Z Stepper Motor",,,Static Platform,Panel Mount,1-8,,,,
J12,Connector,PTB-8,Estop Loop,,,Static Platform,Panel Mount,1-8,,,,
J13,Connector,PTB-4,Estop Loop,,,Static Platform,Panel Mount,1-4,,,,
J14,Connector,DB25-F to TB,,,,Static Platform,Panel Mount,"1-25,GND",,,,
J15,Connector,PTB-4,"Sensor Power, Y1, Y2 Integrated Stepper Power",,,Static Platform,Panel Mount,1-4,,,,
J16,Connector,PTB-8,"X Integrated Stepper Power, Z Stepper Motor",,,Static Platform,Panel Mount,1-8,,,,
J17,Connector,PTB-4,Estop Loop,,,MPG,Panel Mount,1-4,,,,
J19,Connector,DB25-F to TB,,,,Y Platform,Panel Mount,"1-25,GND",,,,
J2,Connector,PTB-2,Sensor Power,,,Main Cabinet Breakout,Panel Mount,1-2,,,,
J20,Connector,PTB-4,"Sensor Power, Y1, Y2 Integrated Stepper Power",,,Y Platform,Panel Mount,1-4,,,,
J24,Connector,DB9-F to TB,,,,Y Platform,Panel Mount,1-9,,,,
J25,Connector,PTB-2,Sensor Power,,,Y Platform,Panel Mount,1-2,,,,
J28,Connector,DB9-F to TB,,,,X Platform,Panel Mount,1-9,,,,
J29,Connector,PTB-2,Sensor Power,,,X Platform,Panel Mount,1-2,,,,
J3,Connector,PTB-8,"Integrated Stepper Power, Z Stepper Motor",,,Main Cabinet Breakout,Panel Mount,1-8,,,,
J30,Connector,PTB-8,"X Integrated Stepper Power, Z Stepper Motor",,,X Platform,Panel Mount,1-8,,,,
J35,Connector,,IEC C13 Socket,,,Main Cabinet Breakout,Panel Mount,,,,,
J36,Connector,,IEC C7 Plug,,,Static Platform,,,,,,
J37,Connector,,HDMI Socket,,,Main Cabinet Breakout,Panel Mount,HDMI,,,,
J38,Connector,,USB Socket,,,Main Cabinet Breakout,Panel Mount,USB,,,,
J39,Connector,,USB Socket,,,CPU Cabinet,Panel Mount,USB,,,,
J4,Connector,PTB-2,Coolant Pump Relay,,,Main Cabinet Breakout,Panel Mount,1-2,,,,
J5,Connector,PTB-2,Spindle Control,,,Main Cabinet Breakout,Panel Mount,1-2,,,,
J6,Connector,PTB-4,X Integrated Stepper Power,,,Main Cabinet Breakout,Panel Mount,1-4,,,,
J7,Connector,PTB-8,Estop Loop,,,Main Cabinet Breakout,Panel Mount,1-8,,,,
J9,Connector,DB25-F to TB,,,,Static Platform,Panel Mount,"1-25,GND",,,,
K1,Contactor,,,,,Main Cabinet,DIN Rail,"L1-3,T1-3,13-14,21-22,A1,A2",,,,
K2,Relay,,Coolant Pump Relay,,,,,,,,,Need relay suitable for AC120V
LS1,Inductive Sensor,,Y- Limit Switch,,,Static Platform,8040 w. Printed Mount,,,,,
LS2,Inductive Sensor,,Y+ Limit Switch,,,Static Platform,8040 w. Printed Mount,,,,,
LS3,Inductive Sensor,,X- Limit Switch,,,Y Platform,8040 w. Printed Mount,,,,,
LS4,Inductive Sensor,,X+ Limit Switch,,,Y Platform,8040 w. Printed Mount,,,,,
LS5,Inductive Sensor,,Z- Limit Switch,,,X Platform,Printed Mount,,,,,
LS6,Inductive Sensor,,Z+ Limit Switch,,,X Platform,Printed Mount,,,,,
M1,Spindle,,,,,Z Platform,,"1(U),2(V),3(W),GND",,,,
MESA,FPGA Controller Card,7i76EU,,Mesa,,Main Cabinet,DIN Rail w. Printed Mount,"TB1,4:01-08;TB2-3,5-6:01-24",,,,
MON1,Monitor,,Touch Screen Monitor,Premio,,Static Platform,,,,,,
P0,Connector,HBL5666C,Nema 6-15P Plug,Hubbell,,Power Entry,,"L1,L2,PE",,,,
P1,Connector,DB25-M to TB,,,,Main Cabinet Breakout,Panel Mount,"1-25,GND",,,,
P10,Connector,PTB-2,Sensor Power,,,Static Platform,Panel Mount,1-2,,,,
P11,Connector,PTB-8,"Integrated Stepper Power, Z Stepper Motor",,,Static Platform,Panel Mount,1-8,,,,
P12,Connector,PTB-8,Estop Loop,,,Static Platform,Panel Mount,1-8,,,,
P13,Connector,PTB-4,Estop Loop,,,Static Platform,Panel Mount,1-4,,,,
P14,Connector,DB25-M to TB,,,,Static Platform,Panel Mount,"1-25,GND",,,,
P15,Connector,PTB-4,"Sensor Power, Y1, Y2 Integrated Stepper Power",,,Static Platform,Panel Mount,1-4,,,,
P16,Connector,PTB-8,"X Integrated Stepper Power, Z Stepper Motor",,,Static Platform,Panel Mount,1-8,,,,
P17,Connector,PTB-4,Estop Loop,,,MPG,Panel Mount,1-4,,,,
P19,Connector,DB25-M to TB,,,,Y Platform,Panel Mount,"1-25,GND",,,,
P2,Connector,PTB-2,Sensor Power,,,Main Cabinet Breakout,Panel Mount,1-2,,,,
P20,Connector,PTB-4,Sensor Power,,,Y Platform,Panel Mount,1-4,,,,
P24,Connector,DB9-M to TB,,,,Y Platform,Panel Mount,1-9,,,,
P25,Connector,PTB-2,Sensor Power,,,Y Platform,Panel Mount,1-2,,,,
P28,Connector,DB9-M to TB,,,,X Platform,Panel Mount,1-9,,,,
P29,Connector,PTB-2,Sensor Power,,,X Platform,Panel Mount,1-2,,,,
P3,Connector,PTB-8,"Y1, Y2 Integrated Stepper Power",,,Main Cabinet Breakout,Panel Mount,1-8,,,,
P30,Connector,PTB-8,X Integrated Stepper Power,,,X Platform,Panel Mount,1-8,,,,
P35,Connector,,IEC C14 Plug,,,Main Cabinet Breakout,,,,,,
P4,Connector,PTB-2,Coolant Pump Relay,,,Main Cabinet Breakout,Panel Mount,1-2,,,,
P40,Connector,,IEC C5 Plug,,,CPU Cabinet,,"L,N,PE",,,,
P5,Connector,PTB-2,Spindle Control,,,Main Cabinet Breakout,Panel Mount,1-2,,,,
P6,Connector,PTB-4,Spindle Power,,,Main Cabinet Breakout,Panel Mount,1-4,,,,
P7,Connector,PTB-8,Estop Loop,,,Main Cabinet Breakout,Panel Mount,1-8,,,,
P9,Connector,DB25-M to TB,,,,Static Platform,Panel Mount,"1-25,GND",,,,
PB1,Momentary Button,,Machine Start,,,Main Cabinet Door,Panel Mount,13-14,,,,
PB2,Momentary Button,,Machine Stop,,,Main Cabinet Door,Panel Mount,13-14,,,,
PL1,Indicator Lamp,,Main Estop Lamp,,,Main Cabinet Door,Panel Mount,X1-2,,,,
PL2,Indicator Lamp,,Machine Estop Lamp,,,Static Platform,Panel Mount,X1-2,,,,
PL3,Indicator Lamp,,MPG Estop Lamp,,,MPG,Panel Mount,X1-2,,,,
PL4,Indicator Lamp,,Machine Power Lamp,,,Main Cabinet Door,Panel Mount,X1-2,,,,
PS1,PSU,HDR-15-24,24V 0.63A PSU,Mean Well,24 VDC,Main Cabinet,DIN Rail,,,,,
PS2,PSU,,,Lenovo,,CPU Cabinet,DIN Rail w. Printed Mount,"L,N,PE",,,,
PS3,PSU,,,Premio,,Monitor Mount,,,,,,
PS4,PSU,,,Mean Well,24 VDC,Main Cabinet,,"L,N,GND,V+1,V+2,V-1,V-2",,,,
PS5,PSU,S-350-48,48V 7.3A PSU,Generic,48 VDC,Main Cabinet,,"L,N,GND,V+1,V+2,V+3,V-1,V-2,V-3",,,,
PS6,PSU,S-350-48,48V 7.3A PSU,Generic,48 VDC,Main Cabinet,,"L,N,GND,V+1,V+2,V+3,V-1,V-2,V-3",,,,
Q1,MCB,,,,,Main Cabinet,DIN Rail,"L1,L2,T1,T2",,,,
RF1,Connector,ADP-SMAF-SMAF-F-G,WiFi Breakout,,,CPU Cabinet,Panel Mount,1-2,,,,
RF2,Antenna,SMA Antenna,WiFi Breakout,,,CPU Cabinet,SMA Screw Terminal,1,,,,
S1,Latching Estop,,Main Estop,,,Main Cabinet Door,Panel Mount,"13-14,21-22",,,,
S2,Latching Estop,,Machine Estop,,,Static Platform,Box,"13-14,21-22",,,,
S3,Latching Estop,,MPG Estop,,,MPG,Panel Mount,"13-14,21-22",,,,
SD1,Stepper Driver,HY-DIV268N-5A,Stepper Driver Z,,,Main Cabinet,DIN Rail w. Printed Mount,"Dir,Pul,Ena,A,B,DC:[+/-]",,,,
SM1,Stepper Motor,57J1876-447-01,Z Stepper Motor,Generic,,X Platform,,,,,,
TB1,Terminal Block,UK5N,2-row DIN terminal,Phoenix Contact,,Main Cabinet,DIN Rail,1-6,,,,
TB10,Terminal Block,UK5N,2-row DIN terminal,Phoenix Contact,,Main Cabinet,DIN Rail,1-2,,,,
TB11,Terminal Block,UK5N,2-row DIN terminal,Phoenix Contact,,Main Cabinet,DIN Rail,1-26,,,,
TB2,Terminal Block,UK5N,2-row DIN terminal,Phoenix Contact,,Main Cabinet,DIN Rail,1-20,,,,
TB3,Terminal Block,UK5N,2-row DIN terminal,Phoenix Contact,,Main Cabinet,DIN Rail,1-20,,,,
TB4,Terminal Block,UK5N,2-row DIN terminal,Phoenix Contact,,Main Cabinet,DIN Rail,1-20,,,,
TB5,Terminal Block,UK5N,2-row DIN terminal,Phoenix Contact,,Main Cabinet,DIN Rail,1-18,,,,
TB51,Terminal Block,PTFIX,12P Push-in Distribution Block,Phoenix Contact,,Static Platform,,1-12,,,,
TB52,Terminal Block,PTFIX,12P Push-in Distribution Block,Phoenix Contact,,Static Platform,,1-12,,,,
TB53,Terminal Block,PTFIX,6P Push-in Distribution Block,Phoenix Contact,,Y Platform,,1-6,,,,
TB54,Terminal Block,PTFIX,6P Push-in Distribution Block,Phoenix Contact,,Y Platform,,1-6,,,,
TB55,Terminal Block,PTFIX,6P Push-in Distribution Block,Phoenix Contact,,Y Platform,,1-6,,,,
TB56,Terminal Block,PTFIX,6P Push-in Distribution Block,Phoenix Contact,,Y Platform,,1-6,,,,
TB57,Terminal Block,PTFIX,6P Push-in Distribution Block,Phoenix Contact,,X Platform,,1-6,,,,
TB58,Terminal Block,PTFIX,6P Push-in Distribution Block,Phoenix Contact,,X Platform,,1-6,,,,
TB6,Terminal Block,UK5N,2-row DIN terminal,Phoenix Contact,,Main Cabinet,DIN Rail,1-4,,,,
TB7,Terminal Block,UK5N,2-row DIN terminal,Phoenix Contact,,Main Cabinet,DIN Rail,1-6,,,,
TB8,Terminal Block,UK5N,2-row DIN terminal,Phoenix Contact,,Main Cabinet,DIN Rail,1-2,,,,
TB9,Terminal Block,UK5N,2-row DIN terminal,Phoenix Contact,,Main Cabinet,DIN Rail,1-2,,,,
TP1,Passive Probe,,Tool Touch Plate,,,Static Platform,,,,,,
TI1,Temperature Indicator,,Cabinet Temperature Sensor Module,,,Main Cabinet,,,,,,
VFD1,VFD,HY02D223B ,,Huanyang,220 VAC,VFD Cabinet,Metal Plate on VFD Cabinet,"R,S,T,P+,PR,U,V,W,GND
UPF,DRV,DCM,SPL,SPM,SPH,RST,REV,FOR,ACM,V0,10V
FA,FC,FB,24V,COM,—,5V,ACM,AI,VI,RS-,RS+",,,,